match_id,point_description,is_aces,total_aces,total_points,ace_ratio
11998445,1,1,12,159,0.07547169811320754
11998445,1,1,12,159,0.07547169811320754
11998445,1,1,12,159,0.07547169811320754
11998445,1,1,12,159,0.07547169811320754
11998445,1,1,12,159,0.07547169811320754
11998445,1,1,12,159,0.07547169811320754
11998445,1,1,12,159,0.07547169811320754
11998445,1,1,12,159,0.07547169811320754
11998445,1,1,12,159,0.07547169811320754
11998445,1,1,12,159,0.07547169811320754
11998445,1,1,12,159,0.07547169811320754
11998445,1,1,12,159,0.07547169811320754
11998446,1,1,6,92,0.06521739130434782
11998446,1,1,6,92,0.06521739130434782
11998446,1,1,6,92,0.06521739130434782
11998446,1,1,6,92,0.06521739130434782
11998446,1,1,6,92,0.06521739130434782
11998446,1,1,6,92,0.06521739130434782
11998447,1,1,11,98,0.11224489795918367
11998447,1,1,11,98,0.11224489795918367
11998447,1,1,11,98,0.11224489795918367
11998447,1,1,11,98,0.11224489795918367
11998447,1,1,11,98,0.11224489795918367
11998447,1,1,11,98,0.11224489795918367
11998447,1,1,11,98,0.11224489795918367
11998447,1,1,11,98,0.11224489795918367
11998447,1,1,11,98,0.11224489795918367
11998447,1,1,11,98,0.11224489795918367
11998447,1,1,11,98,0.11224489795918367
11998448,1,1,3,100,0.03
11998448,1,1,3,100,0.03
11998448,1,1,3,100,0.03
11998449,1,1,7,92,0.07608695652173914
11998449,1,1,7,92,0.07608695652173914
11998449,1,1,7,92,0.07608695652173914
11998449,1,1,7,92,0.07608695652173914
11998449,1,1,7,92,0.07608695652173914
11998449,1,1,7,92,0.07608695652173914
11998449,1,1,7,92,0.07608695652173914
11998450,1,1,23,179,0.12849162011173185
11998450,1,1,23,179,0.12849162011173185
11998450,1,1,23,179,0.12849162011173185
11998450,1,1,23,179,0.12849162011173185
11998450,1,1,23,179,0.12849162011173185
11998450,1,1,23,179,0.12849162011173185
11998450,1,1,23,179,0.12849162011173185
11998450,1,1,23,179,0.12849162011173185
11998450,1,1,23,179,0.12849162011173185
11998450,1,1,23,179,0.12849162011173185
11998450,1,1,23,179,0.12849162011173185
11998450,1,1,23,179,0.12849162011173185
11998450,1,1,23,179,0.12849162011173185
11998450,1,1,23,179,0.12849162011173185
11998450,1,1,23,179,0.12849162011173185
11998450,1,1,23,179,0.12849162011173185
11998450,1,1,23,179,0.12849162011173185
11998450,1,1,23,179,0.12849162011173185
11998450,1,1,23,179,0.12849162011173185
11998450,1,1,23,179,0.12849162011173185
11998450,1,1,23,179,0.12849162011173185
11998450,1,1,23,179,0.12849162011173185
11998450,1,1,23,179,0.12849162011173185
11998451,1,1,10,157,0.06369426751592357
11998451,1,1,10,157,0.06369426751592357
11998451,1,1,10,157,0.06369426751592357
11998451,1,1,10,157,0.06369426751592357
11998451,1,1,10,157,0.06369426751592357
11998451,1,1,10,157,0.06369426751592357
11998451,1,1,10,157,0.06369426751592357
11998451,1,1,10,157,0.06369426751592357
11998451,1,1,10,157,0.06369426751592357
11998451,1,1,10,157,0.06369426751592357
11998456,1,1,12,164,0.07317073170731707
11998456,1,1,12,164,0.07317073170731707
11998456,1,1,12,164,0.07317073170731707
11998456,1,1,12,164,0.07317073170731707
11998456,1,1,12,164,0.07317073170731707
11998456,1,1,12,164,0.07317073170731707
11998456,1,1,12,164,0.07317073170731707
11998456,1,1,12,164,0.07317073170731707
11998456,1,1,12,164,0.07317073170731707
11998456,1,1,12,164,0.07317073170731707
11998456,1,1,12,164,0.07317073170731707
11998456,1,1,12,164,0.07317073170731707
11998459,1,1,6,108,0.05555555555555555
11998459,1,1,6,108,0.05555555555555555
11998459,1,1,6,108,0.05555555555555555
11998459,1,1,6,108,0.05555555555555555
11998459,1,1,6,108,0.05555555555555555
11998459,1,1,6,108,0.05555555555555555
11998666,1,1,6,130,0.046153846153846156
11998666,1,1,6,130,0.046153846153846156
11998666,1,1,6,130,0.046153846153846156
11998666,1,1,6,130,0.046153846153846156
11998666,1,1,6,130,0.046153846153846156
11998666,1,1,6,130,0.046153846153846156
11998667,1,1,8,145,0.05517241379310345
11998667,1,1,8,145,0.05517241379310345
11998667,1,1,8,145,0.05517241379310345
11998667,1,1,8,145,0.05517241379310345
11998667,1,1,8,145,0.05517241379310345
11998667,1,1,8,145,0.05517241379310345
11998667,1,1,8,145,0.05517241379310345
11998667,1,1,8,145,0.05517241379310345
11998670,1,1,8,169,0.047337278106508875
11998670,1,1,8,169,0.047337278106508875
11998670,1,1,8,169,0.047337278106508875
11998670,1,1,8,169,0.047337278106508875
11998670,1,1,8,169,0.047337278106508875
11998670,1,1,8,169,0.047337278106508875
11998670,1,1,8,169,0.047337278106508875
11998670,1,1,8,169,0.047337278106508875
11998672,1,1,9,205,0.04390243902439024
11998672,1,1,9,205,0.04390243902439024
11998672,1,1,9,205,0.04390243902439024
11998672,1,1,9,205,0.04390243902439024
11998672,1,1,9,205,0.04390243902439024
11998672,1,1,9,205,0.04390243902439024
11998672,1,1,9,205,0.04390243902439024
11998672,1,1,9,205,0.04390243902439024
11998672,1,1,9,205,0.04390243902439024
11998674,1,1,5,175,0.02857142857142857
11998674,1,1,5,175,0.02857142857142857
11998674,1,1,5,175,0.02857142857142857
11998674,1,1,5,175,0.02857142857142857
11998674,1,1,5,175,0.02857142857142857
11998675,1,1,4,185,0.021621621621621623
11998675,1,1,4,185,0.021621621621621623
11998675,1,1,4,185,0.021621621621621623
11998675,1,1,4,185,0.021621621621621623
11998676,1,1,4,116,0.034482758620689655
11998676,1,1,4,116,0.034482758620689655
11998676,1,1,4,116,0.034482758620689655
11998676,1,1,4,116,0.034482758620689655
11998772,1,1,10,203,0.04926108374384237
11998772,1,1,10,203,0.04926108374384237
11998772,1,1,10,203,0.04926108374384237
11998772,1,1,10,203,0.04926108374384237
11998772,1,1,10,203,0.04926108374384237
11998772,1,1,10,203,0.04926108374384237
11998772,1,1,10,203,0.04926108374384237
11998772,1,1,10,203,0.04926108374384237
11998772,1,1,10,203,0.04926108374384237
11998772,1,1,10,203,0.04926108374384237
11998774,1,1,6,91,0.06593406593406594
11998774,1,1,6,91,0.06593406593406594
11998774,1,1,6,91,0.06593406593406594
11998774,1,1,6,91,0.06593406593406594
11998774,1,1,6,91,0.06593406593406594
11998774,1,1,6,91,0.06593406593406594
11998780,1,1,2,157,0.012738853503184714
11998780,1,1,2,157,0.012738853503184714
11998782,1,1,10,109,0.09174311926605505
11998782,1,1,10,109,0.09174311926605505
11998782,1,1,10,109,0.09174311926605505
11998782,1,1,10,109,0.09174311926605505
11998782,1,1,10,109,0.09174311926605505
11998782,1,1,10,109,0.09174311926605505
11998782,1,1,10,109,0.09174311926605505
11998782,1,1,10,109,0.09174311926605505
11998782,1,1,10,109,0.09174311926605505
11998782,1,1,10,109,0.09174311926605505
11998783,1,1,8,75,0.10666666666666667
11998783,1,1,8,75,0.10666666666666667
11998783,1,1,8,75,0.10666666666666667
11998783,1,1,8,75,0.10666666666666667
11998783,1,1,8,75,0.10666666666666667
11998783,1,1,8,75,0.10666666666666667
11998783,1,1,8,75,0.10666666666666667
11998783,1,1,8,75,0.10666666666666667
11998784,1,1,14,103,0.13592233009708737
11998784,1,1,14,103,0.13592233009708737
11998784,1,1,14,103,0.13592233009708737
11998784,1,1,14,103,0.13592233009708737
11998784,1,1,14,103,0.13592233009708737
11998784,1,1,14,103,0.13592233009708737
11998784,1,1,14,103,0.13592233009708737
11998784,1,1,14,103,0.13592233009708737
11998784,1,1,14,103,0.13592233009708737
11998784,1,1,14,103,0.13592233009708737
11998784,1,1,14,103,0.13592233009708737
11998784,1,1,14,103,0.13592233009708737
11998784,1,1,14,103,0.13592233009708737
11998784,1,1,14,103,0.13592233009708737
11998785,1,1,20,122,0.16393442622950818
11998785,1,1,20,122,0.16393442622950818
11998785,1,1,20,122,0.16393442622950818
11998785,1,1,20,122,0.16393442622950818
11998785,1,1,20,122,0.16393442622950818
11998785,1,1,20,122,0.16393442622950818
11998785,1,1,20,122,0.16393442622950818
11998785,1,1,20,122,0.16393442622950818
11998785,1,1,20,122,0.16393442622950818
11998785,1,1,20,122,0.16393442622950818
11998785,1,1,20,122,0.16393442622950818
11998785,1,1,20,122,0.16393442622950818
11998785,1,1,20,122,0.16393442622950818
11998785,1,1,20,122,0.16393442622950818
11998785,1,1,20,122,0.16393442622950818
11998785,1,1,20,122,0.16393442622950818
11998785,1,1,20,122,0.16393442622950818
11998785,1,1,20,122,0.16393442622950818
11998785,1,1,20,122,0.16393442622950818
11998785,1,1,20,122,0.16393442622950818
11998786,1,1,5,80,0.0625
11998786,1,1,5,80,0.0625
11998786,1,1,5,80,0.0625
11998786,1,1,5,80,0.0625
11998786,1,1,5,80,0.0625
11999004,1,1,9,147,0.061224489795918366
11999004,1,1,9,147,0.061224489795918366
11999004,1,1,9,147,0.061224489795918366
11999004,1,1,9,147,0.061224489795918366
11999004,1,1,9,147,0.061224489795918366
11999004,1,1,9,147,0.061224489795918366
11999004,1,1,9,147,0.061224489795918366
11999004,1,1,9,147,0.061224489795918366
11999004,1,1,9,147,0.061224489795918366
11999005,1,1,7,167,0.041916167664670656
11999005,1,1,7,167,0.041916167664670656
11999005,1,1,7,167,0.041916167664670656
11999005,1,1,7,167,0.041916167664670656
11999005,1,1,7,167,0.041916167664670656
11999005,1,1,7,167,0.041916167664670656
11999005,1,1,7,167,0.041916167664670656
11999007,1,1,7,127,0.05511811023622047
11999007,1,1,7,127,0.05511811023622047
11999007,1,1,7,127,0.05511811023622047
11999007,1,1,7,127,0.05511811023622047
11999007,1,1,7,127,0.05511811023622047
11999007,1,1,7,127,0.05511811023622047
11999007,1,1,7,127,0.05511811023622047
11999009,1,1,3,135,0.022222222222222223
11999009,1,1,3,135,0.022222222222222223
11999009,1,1,3,135,0.022222222222222223
11999010,1,1,10,100,0.1
11999010,1,1,10,100,0.1
11999010,1,1,10,100,0.1
11999010,1,1,10,100,0.1
11999010,1,1,10,100,0.1
11999010,1,1,10,100,0.1
11999010,1,1,10,100,0.1
11999010,1,1,10,100,0.1
11999010,1,1,10,100,0.1
11999010,1,1,10,100,0.1
11999011,1,1,9,67,0.13432835820895522
11999011,1,1,9,67,0.13432835820895522
11999011,1,1,9,67,0.13432835820895522
11999011,1,1,9,67,0.13432835820895522
11999011,1,1,9,67,0.13432835820895522
11999011,1,1,9,67,0.13432835820895522
11999011,1,1,9,67,0.13432835820895522
11999011,1,1,9,67,0.13432835820895522
11999011,1,1,9,67,0.13432835820895522
11999012,1,1,34,207,0.1642512077294686
11999012,1,1,34,207,0.1642512077294686
11999012,1,1,34,207,0.1642512077294686
11999012,1,1,34,207,0.1642512077294686
11999012,1,1,34,207,0.1642512077294686
11999012,1,1,34,207,0.1642512077294686
11999012,1,1,34,207,0.1642512077294686
11999012,1,1,34,207,0.1642512077294686
11999012,1,1,34,207,0.1642512077294686
11999012,1,1,34,207,0.1642512077294686
11999012,1,1,34,207,0.1642512077294686
11999012,1,1,34,207,0.1642512077294686
11999012,1,1,34,207,0.1642512077294686
11999012,1,1,34,207,0.1642512077294686
11999012,1,1,34,207,0.1642512077294686
11999012,1,1,34,207,0.1642512077294686
11999012,1,1,34,207,0.1642512077294686
11999012,1,1,34,207,0.1642512077294686
11999012,1,1,34,207,0.1642512077294686
11999012,1,1,34,207,0.1642512077294686
11999012,1,1,34,207,0.1642512077294686
11999012,1,1,34,207,0.1642512077294686
11999012,1,1,34,207,0.1642512077294686
11999012,1,1,34,207,0.1642512077294686
11999012,1,1,34,207,0.1642512077294686
11999012,1,1,34,207,0.1642512077294686
11999012,1,1,34,207,0.1642512077294686
11999012,1,1,34,207,0.1642512077294686
11999012,1,1,34,207,0.1642512077294686
11999012,1,1,34,207,0.1642512077294686
11999012,1,1,34,207,0.1642512077294686
11999012,1,1,34,207,0.1642512077294686
11999012,1,1,34,207,0.1642512077294686
11999012,1,1,34,207,0.1642512077294686
11999013,1,1,7,87,0.08045977011494253
11999013,1,1,7,87,0.08045977011494253
11999013,1,1,7,87,0.08045977011494253
11999013,1,1,7,87,0.08045977011494253
11999013,1,1,7,87,0.08045977011494253
11999013,1,1,7,87,0.08045977011494253
11999013,1,1,7,87,0.08045977011494253
11999014,1,1,19,161,0.11801242236024845
11999014,1,1,19,161,0.11801242236024845
11999014,1,1,19,161,0.11801242236024845
11999014,1,1,19,161,0.11801242236024845
11999014,1,1,19,161,0.11801242236024845
11999014,1,1,19,161,0.11801242236024845
11999014,1,1,19,161,0.11801242236024845
11999014,1,1,19,161,0.11801242236024845
11999014,1,1,19,161,0.11801242236024845
11999014,1,1,19,161,0.11801242236024845
11999014,1,1,19,161,0.11801242236024845
11999014,1,1,19,161,0.11801242236024845
11999014,1,1,19,161,0.11801242236024845
11999014,1,1,19,161,0.11801242236024845
11999014,1,1,19,161,0.11801242236024845
11999014,1,1,19,161,0.11801242236024845
11999014,1,1,19,161,0.11801242236024845
11999014,1,1,19,161,0.11801242236024845
11999014,1,1,19,161,0.11801242236024845
11999209,1,1,1,102,0.00980392156862745
11999210,1,1,4,119,0.03361344537815126
11999210,1,1,4,119,0.03361344537815126
11999210,1,1,4,119,0.03361344537815126
11999210,1,1,4,119,0.03361344537815126
11999211,1,1,5,139,0.03597122302158273
11999211,1,1,5,139,0.03597122302158273
11999211,1,1,5,139,0.03597122302158273
11999211,1,1,5,139,0.03597122302158273
11999211,1,1,5,139,0.03597122302158273
11999212,1,1,2,92,0.021739130434782608
11999212,1,1,2,92,0.021739130434782608
11999215,1,1,2,140,0.014285714285714285
11999215,1,1,2,140,0.014285714285714285
11999219,1,1,4,77,0.05194805194805195
11999219,1,1,4,77,0.05194805194805195
11999219,1,1,4,77,0.05194805194805195
11999219,1,1,4,77,0.05194805194805195
11999220,1,1,7,117,0.05982905982905983
11999220,1,1,7,117,0.05982905982905983
11999220,1,1,7,117,0.05982905982905983
11999220,1,1,7,117,0.05982905982905983
11999220,1,1,7,117,0.05982905982905983
11999220,1,1,7,117,0.05982905982905983
11999220,1,1,7,117,0.05982905982905983
12002040,1,1,3,82,0.036585365853658534
12002040,1,1,3,82,0.036585365853658534
12002040,1,1,3,82,0.036585365853658534
12002041,1,1,3,121,0.024793388429752067
12002041,1,1,3,121,0.024793388429752067
12002041,1,1,3,121,0.024793388429752067
12002042,1,1,7,178,0.03932584269662921
12002042,1,1,7,178,0.03932584269662921
12002042,1,1,7,178,0.03932584269662921
12002042,1,1,7,178,0.03932584269662921
12002042,1,1,7,178,0.03932584269662921
12002042,1,1,7,178,0.03932584269662921
12002042,1,1,7,178,0.03932584269662921
12002043,1,1,3,99,0.030303030303030304
12002043,1,1,3,99,0.030303030303030304
12002043,1,1,3,99,0.030303030303030304
12002044,1,1,1,147,0.006802721088435374
12002048,1,1,6,85,0.07058823529411765
12002048,1,1,6,85,0.07058823529411765
12002048,1,1,6,85,0.07058823529411765
12002048,1,1,6,85,0.07058823529411765
12002048,1,1,6,85,0.07058823529411765
12002048,1,1,6,85,0.07058823529411765
12002049,1,1,11,213,0.051643192488262914
12002049,1,1,11,213,0.051643192488262914
12002049,1,1,11,213,0.051643192488262914
12002049,1,1,11,213,0.051643192488262914
12002049,1,1,11,213,0.051643192488262914
12002049,1,1,11,213,0.051643192488262914
12002049,1,1,11,213,0.051643192488262914
12002049,1,1,11,213,0.051643192488262914
12002049,1,1,11,213,0.051643192488262914
12002049,1,1,11,213,0.051643192488262914
12002049,1,1,11,213,0.051643192488262914
12002050,1,1,4,78,0.05128205128205128
12002050,1,1,4,78,0.05128205128205128
12002050,1,1,4,78,0.05128205128205128
12002050,1,1,4,78,0.05128205128205128
12002051,1,1,4,163,0.024539877300613498
12002051,1,1,4,163,0.024539877300613498
12002051,1,1,4,163,0.024539877300613498
12002051,1,1,4,163,0.024539877300613498
12002052,1,1,8,110,0.07272727272727272
12002052,1,1,8,110,0.07272727272727272
12002052,1,1,8,110,0.07272727272727272
12002052,1,1,8,110,0.07272727272727272
12002052,1,1,8,110,0.07272727272727272
12002052,1,1,8,110,0.07272727272727272
12002052,1,1,8,110,0.07272727272727272
12002052,1,1,8,110,0.07272727272727272
12002053,1,1,8,82,0.0975609756097561
12002053,1,1,8,82,0.0975609756097561
12002053,1,1,8,82,0.0975609756097561
12002053,1,1,8,82,0.0975609756097561
12002053,1,1,8,82,0.0975609756097561
12002053,1,1,8,82,0.0975609756097561
12002053,1,1,8,82,0.0975609756097561
12002053,1,1,8,82,0.0975609756097561
12002055,1,1,14,168,0.08333333333333333
12002055,1,1,14,168,0.08333333333333333
12002055,1,1,14,168,0.08333333333333333
12002055,1,1,14,168,0.08333333333333333
12002055,1,1,14,168,0.08333333333333333
12002055,1,1,14,168,0.08333333333333333
12002055,1,1,14,168,0.08333333333333333
12002055,1,1,14,168,0.08333333333333333
12002055,1,1,14,168,0.08333333333333333
12002055,1,1,14,168,0.08333333333333333
12002055,1,1,14,168,0.08333333333333333
12002055,1,1,14,168,0.08333333333333333
12002055,1,1,14,168,0.08333333333333333
12002055,1,1,14,168,0.08333333333333333
12002057,1,1,1,80,0.0125
12002058,1,1,2,149,0.013422818791946308
12002058,1,1,2,149,0.013422818791946308
12002060,1,1,4,162,0.024691358024691357
12002060,1,1,4,162,0.024691358024691357
12002060,1,1,4,162,0.024691358024691357
12002060,1,1,4,162,0.024691358024691357
12002064,1,1,5,80,0.0625
12002064,1,1,5,80,0.0625
12002064,1,1,5,80,0.0625
12002064,1,1,5,80,0.0625
12002064,1,1,5,80,0.0625
12002065,1,1,3,102,0.029411764705882353
12002065,1,1,3,102,0.029411764705882353
12002065,1,1,3,102,0.029411764705882353
12002068,1,1,9,124,0.07258064516129033
12002068,1,1,9,124,0.07258064516129033
12002068,1,1,9,124,0.07258064516129033
12002068,1,1,9,124,0.07258064516129033
12002068,1,1,9,124,0.07258064516129033
12002068,1,1,9,124,0.07258064516129033
12002068,1,1,9,124,0.07258064516129033
12002068,1,1,9,124,0.07258064516129033
12002068,1,1,9,124,0.07258064516129033
12010829,1,1,6,173,0.03468208092485549
12010829,1,1,6,173,0.03468208092485549
12010829,1,1,6,173,0.03468208092485549
12010829,1,1,6,173,0.03468208092485549
12010829,1,1,6,173,0.03468208092485549
12010829,1,1,6,173,0.03468208092485549
12010830,1,1,4,137,0.029197080291970802
12010830,1,1,4,137,0.029197080291970802
12010830,1,1,4,137,0.029197080291970802
12010830,1,1,4,137,0.029197080291970802
12011301,1,1,13,167,0.07784431137724551
12011301,1,1,13,167,0.07784431137724551
12011301,1,1,13,167,0.07784431137724551
12011301,1,1,13,167,0.07784431137724551
12011301,1,1,13,167,0.07784431137724551
12011301,1,1,13,167,0.07784431137724551
12011301,1,1,13,167,0.07784431137724551
12011301,1,1,13,167,0.07784431137724551
12011301,1,1,13,167,0.07784431137724551
12011301,1,1,13,167,0.07784431137724551
12011301,1,1,13,167,0.07784431137724551
12011301,1,1,13,167,0.07784431137724551
12011301,1,1,13,167,0.07784431137724551
12014547,1,1,7,157,0.044585987261146494
12014547,1,1,7,157,0.044585987261146494
12014547,1,1,7,157,0.044585987261146494
12014547,1,1,7,157,0.044585987261146494
12014547,1,1,7,157,0.044585987261146494
12014547,1,1,7,157,0.044585987261146494
12014547,1,1,7,157,0.044585987261146494
12016976,1,1,6,159,0.03773584905660377
12016976,1,1,6,159,0.03773584905660377
12016976,1,1,6,159,0.03773584905660377
12016976,1,1,6,159,0.03773584905660377
12016976,1,1,6,159,0.03773584905660377
12016976,1,1,6,159,0.03773584905660377
12017442,1,1,3,143,0.02097902097902098
12017442,1,1,3,143,0.02097902097902098
12017442,1,1,3,143,0.02097902097902098
12017453,1,1,2,113,0.017699115044247787
12017453,1,1,2,113,0.017699115044247787
12017455,1,1,14,145,0.09655172413793103
12017455,1,1,14,145,0.09655172413793103
12017455,1,1,14,145,0.09655172413793103
12017455,1,1,14,145,0.09655172413793103
12017455,1,1,14,145,0.09655172413793103
12017455,1,1,14,145,0.09655172413793103
12017455,1,1,14,145,0.09655172413793103
12017455,1,1,14,145,0.09655172413793103
12017455,1,1,14,145,0.09655172413793103
12017455,1,1,14,145,0.09655172413793103
12017455,1,1,14,145,0.09655172413793103
12017455,1,1,14,145,0.09655172413793103
12017455,1,1,14,145,0.09655172413793103
12017455,1,1,14,145,0.09655172413793103
12017458,1,1,13,108,0.12037037037037036
12017458,1,1,13,108,0.12037037037037036
12017458,1,1,13,108,0.12037037037037036
12017458,1,1,13,108,0.12037037037037036
12017458,1,1,13,108,0.12037037037037036
12017458,1,1,13,108,0.12037037037037036
12017458,1,1,13,108,0.12037037037037036
12017458,1,1,13,108,0.12037037037037036
12017458,1,1,13,108,0.12037037037037036
12017458,1,1,13,108,0.12037037037037036
12017458,1,1,13,108,0.12037037037037036
12017458,1,1,13,108,0.12037037037037036
12017458,1,1,13,108,0.12037037037037036
12017459,1,1,12,120,0.1
12017459,1,1,12,120,0.1
12017459,1,1,12,120,0.1
12017459,1,1,12,120,0.1
12017459,1,1,12,120,0.1
12017459,1,1,12,120,0.1
12017459,1,1,12,120,0.1
12017459,1,1,12,120,0.1
12017459,1,1,12,120,0.1
12017459,1,1,12,120,0.1
12017459,1,1,12,120,0.1
12017459,1,1,12,120,0.1
12017463,1,1,9,133,0.06766917293233082
12017463,1,1,9,133,0.06766917293233082
12017463,1,1,9,133,0.06766917293233082
12017463,1,1,9,133,0.06766917293233082
12017463,1,1,9,133,0.06766917293233082
12017463,1,1,9,133,0.06766917293233082
12017463,1,1,9,133,0.06766917293233082
12017463,1,1,9,133,0.06766917293233082
12017463,1,1,9,133,0.06766917293233082
12017465,1,1,4,205,0.01951219512195122
12017465,1,1,4,205,0.01951219512195122
12017465,1,1,4,205,0.01951219512195122
12017465,1,1,4,205,0.01951219512195122
12017468,1,1,1,113,0.008849557522123894
12017473,1,1,2,81,0.024691358024691357
12017473,1,1,2,81,0.024691358024691357
12017477,1,1,1,72,0.013888888888888888
12017480,1,1,1,84,0.011904761904761904
12017483,1,1,3,152,0.019736842105263157
12017483,1,1,3,152,0.019736842105263157
12017483,1,1,3,152,0.019736842105263157
12017488,1,1,7,95,0.07368421052631578
12017488,1,1,7,95,0.07368421052631578
12017488,1,1,7,95,0.07368421052631578
12017488,1,1,7,95,0.07368421052631578
12017488,1,1,7,95,0.07368421052631578
12017488,1,1,7,95,0.07368421052631578
12017488,1,1,7,95,0.07368421052631578
12017495,1,1,12,134,0.08955223880597014
12017495,1,1,12,134,0.08955223880597014
12017495,1,1,12,134,0.08955223880597014
12017495,1,1,12,134,0.08955223880597014
12017495,1,1,12,134,0.08955223880597014
12017495,1,1,12,134,0.08955223880597014
12017495,1,1,12,134,0.08955223880597014
12017495,1,1,12,134,0.08955223880597014
12017495,1,1,12,134,0.08955223880597014
12017495,1,1,12,134,0.08955223880597014
12017495,1,1,12,134,0.08955223880597014
12017495,1,1,12,134,0.08955223880597014
12017501,1,1,7,119,0.058823529411764705
12017501,1,1,7,119,0.058823529411764705
12017501,1,1,7,119,0.058823529411764705
12017501,1,1,7,119,0.058823529411764705
12017501,1,1,7,119,0.058823529411764705
12017501,1,1,7,119,0.058823529411764705
12017501,1,1,7,119,0.058823529411764705
12017505,1,1,3,197,0.015228426395939087
12017505,1,1,3,197,0.015228426395939087
12017505,1,1,3,197,0.015228426395939087
12017506,1,1,1,21,0.047619047619047616
12017510,1,1,8,148,0.05405405405405406
12017510,1,1,8,148,0.05405405405405406
12017510,1,1,8,148,0.05405405405405406
12017510,1,1,8,148,0.05405405405405406
12017510,1,1,8,148,0.05405405405405406
12017510,1,1,8,148,0.05405405405405406
12017510,1,1,8,148,0.05405405405405406
12017510,1,1,8,148,0.05405405405405406
12017511,1,1,2,174,0.011494252873563218
12017511,1,1,2,174,0.011494252873563218
12017513,1,1,1,86,0.011627906976744186
12017514,1,1,2,117,0.017094017094017096
12017514,1,1,2,117,0.017094017094017096
12017517,1,1,4,87,0.04597701149425287
12017517,1,1,4,87,0.04597701149425287
12017517,1,1,4,87,0.04597701149425287
12017517,1,1,4,87,0.04597701149425287
12017520,1,1,9,202,0.04455445544554455
12017520,1,1,9,202,0.04455445544554455
12017520,1,1,9,202,0.04455445544554455
12017520,1,1,9,202,0.04455445544554455
12017520,1,1,9,202,0.04455445544554455
12017520,1,1,9,202,0.04455445544554455
12017520,1,1,9,202,0.04455445544554455
12017520,1,1,9,202,0.04455445544554455
12017520,1,1,9,202,0.04455445544554455
12017523,1,1,4,85,0.047058823529411764
12017523,1,1,4,85,0.047058823529411764
12017523,1,1,4,85,0.047058823529411764
12017523,1,1,4,85,0.047058823529411764
12017526,1,1,5,81,0.06172839506172839
12017526,1,1,5,81,0.06172839506172839
12017526,1,1,5,81,0.06172839506172839
12017526,1,1,5,81,0.06172839506172839
12017526,1,1,5,81,0.06172839506172839
12017528,1,1,2,96,0.020833333333333332
12017528,1,1,2,96,0.020833333333333332
12017533,1,1,11,115,0.09565217391304348
12017533,1,1,11,115,0.09565217391304348
12017533,1,1,11,115,0.09565217391304348
12017533,1,1,11,115,0.09565217391304348
12017533,1,1,11,115,0.09565217391304348
12017533,1,1,11,115,0.09565217391304348
12017533,1,1,11,115,0.09565217391304348
12017533,1,1,11,115,0.09565217391304348
12017533,1,1,11,115,0.09565217391304348
12017533,1,1,11,115,0.09565217391304348
12017533,1,1,11,115,0.09565217391304348
12017539,1,1,3,172,0.01744186046511628
12017539,1,1,3,172,0.01744186046511628
12017539,1,1,3,172,0.01744186046511628
12017648,1,1,1,63,0.015873015873015872
12017656,1,1,4,103,0.038834951456310676
12017656,1,1,4,103,0.038834951456310676
12017656,1,1,4,103,0.038834951456310676
12017656,1,1,4,103,0.038834951456310676
12018083,1,1,2,85,0.023529411764705882
12018083,1,1,2,85,0.023529411764705882
12018842,1,1,9,185,0.04864864864864865
12018842,1,1,9,185,0.04864864864864865
12018842,1,1,9,185,0.04864864864864865
12018842,1,1,9,185,0.04864864864864865
12018842,1,1,9,185,0.04864864864864865
12018842,1,1,9,185,0.04864864864864865
12018842,1,1,9,185,0.04864864864864865
12018842,1,1,9,185,0.04864864864864865
12018842,1,1,9,185,0.04864864864864865
12018844,1,1,3,106,0.02830188679245283
12018844,1,1,3,106,0.02830188679245283
12018844,1,1,3,106,0.02830188679245283
12018847,1,1,4,128,0.03125
12018847,1,1,4,128,0.03125
12018847,1,1,4,128,0.03125
12018847,1,1,4,128,0.03125
12018849,1,1,13,107,0.12149532710280374
12018849,1,1,13,107,0.12149532710280374
12018849,1,1,13,107,0.12149532710280374
12018849,1,1,13,107,0.12149532710280374
12018849,1,1,13,107,0.12149532710280374
12018849,1,1,13,107,0.12149532710280374
12018849,1,1,13,107,0.12149532710280374
12018849,1,1,13,107,0.12149532710280374
12018849,1,1,13,107,0.12149532710280374
12018849,1,1,13,107,0.12149532710280374
12018849,1,1,13,107,0.12149532710280374
12018849,1,1,13,107,0.12149532710280374
12018849,1,1,13,107,0.12149532710280374
12018899,1,1,5,120,0.041666666666666664
12018899,1,1,5,120,0.041666666666666664
12018899,1,1,5,120,0.041666666666666664
12018899,1,1,5,120,0.041666666666666664
12018899,1,1,5,120,0.041666666666666664
12018932,1,1,4,77,0.05194805194805195
12018932,1,1,4,77,0.05194805194805195
12018932,1,1,4,77,0.05194805194805195
12018932,1,1,4,77,0.05194805194805195
12018933,1,1,2,94,0.02127659574468085
12018933,1,1,2,94,0.02127659574468085
12018934,1,1,6,175,0.03428571428571429
12018934,1,1,6,175,0.03428571428571429
12018934,1,1,6,175,0.03428571428571429
12018934,1,1,6,175,0.03428571428571429
12018934,1,1,6,175,0.03428571428571429
12018934,1,1,6,175,0.03428571428571429
12018937,1,1,1,83,0.012048192771084338
12018939,1,1,1,71,0.014084507042253521
12018941,1,1,3,102,0.029411764705882353
12018941,1,1,3,102,0.029411764705882353
12018941,1,1,3,102,0.029411764705882353
12018945,1,1,1,110,0.00909090909090909
12019043,1,1,23,162,0.1419753086419753
12019043,1,1,23,162,0.1419753086419753
12019043,1,1,23,162,0.1419753086419753
12019043,1,1,23,162,0.1419753086419753
12019043,1,1,23,162,0.1419753086419753
12019043,1,1,23,162,0.1419753086419753
12019043,1,1,23,162,0.1419753086419753
12019043,1,1,23,162,0.1419753086419753
12019043,1,1,23,162,0.1419753086419753
12019043,1,1,23,162,0.1419753086419753
12019043,1,1,23,162,0.1419753086419753
12019043,1,1,23,162,0.1419753086419753
12019043,1,1,23,162,0.1419753086419753
12019043,1,1,23,162,0.1419753086419753
12019043,1,1,23,162,0.1419753086419753
12019043,1,1,23,162,0.1419753086419753
12019043,1,1,23,162,0.1419753086419753
12019043,1,1,23,162,0.1419753086419753
12019043,1,1,23,162,0.1419753086419753
12019043,1,1,23,162,0.1419753086419753
12019043,1,1,23,162,0.1419753086419753
12019043,1,1,23,162,0.1419753086419753
12019043,1,1,23,162,0.1419753086419753
12019094,1,1,7,147,0.047619047619047616
12019094,1,1,7,147,0.047619047619047616
12019094,1,1,7,147,0.047619047619047616
12019094,1,1,7,147,0.047619047619047616
12019094,1,1,7,147,0.047619047619047616
12019094,1,1,7,147,0.047619047619047616
12019094,1,1,7,147,0.047619047619047616
12019106,1,1,2,85,0.023529411764705882
12019106,1,1,2,85,0.023529411764705882
12019658,1,1,10,88,0.11363636363636363
12019658,1,1,10,88,0.11363636363636363
12019658,1,1,10,88,0.11363636363636363
12019658,1,1,10,88,0.11363636363636363
12019658,1,1,10,88,0.11363636363636363
12019658,1,1,10,88,0.11363636363636363
12019658,1,1,10,88,0.11363636363636363
12019658,1,1,10,88,0.11363636363636363
12019658,1,1,10,88,0.11363636363636363
12019658,1,1,10,88,0.11363636363636363
12019672,1,1,1,148,0.006756756756756757
12019673,1,1,2,175,0.011428571428571429
12019673,1,1,2,175,0.011428571428571429
12019677,1,1,3,37,0.08108108108108109
12019677,1,1,3,37,0.08108108108108109
12019677,1,1,3,37,0.08108108108108109
12019755,1,1,2,90,0.022222222222222223
12019755,1,1,2,90,0.022222222222222223
12019899,1,1,1,84,0.011904761904761904
12019944,1,1,14,206,0.06796116504854369
12019944,1,1,14,206,0.06796116504854369
12019944,1,1,14,206,0.06796116504854369
12019944,1,1,14,206,0.06796116504854369
12019944,1,1,14,206,0.06796116504854369
12019944,1,1,14,206,0.06796116504854369
12019944,1,1,14,206,0.06796116504854369
12019944,1,1,14,206,0.06796116504854369
12019944,1,1,14,206,0.06796116504854369
12019944,1,1,14,206,0.06796116504854369
12019944,1,1,14,206,0.06796116504854369
12019944,1,1,14,206,0.06796116504854369
12019944,1,1,14,206,0.06796116504854369
12019944,1,1,14,206,0.06796116504854369
12019949,1,1,24,195,0.12307692307692308
12019949,1,1,24,195,0.12307692307692308
12019949,1,1,24,195,0.12307692307692308
12019949,1,1,24,195,0.12307692307692308
12019949,1,1,24,195,0.12307692307692308
12019949,1,1,24,195,0.12307692307692308
12019949,1,1,24,195,0.12307692307692308
12019949,1,1,24,195,0.12307692307692308
12019949,1,1,24,195,0.12307692307692308
12019949,1,1,24,195,0.12307692307692308
12019949,1,1,24,195,0.12307692307692308
12019949,1,1,24,195,0.12307692307692308
12019949,1,1,24,195,0.12307692307692308
12019949,1,1,24,195,0.12307692307692308
12019949,1,1,24,195,0.12307692307692308
12019949,1,1,24,195,0.12307692307692308
12019949,1,1,24,195,0.12307692307692308
12019949,1,1,24,195,0.12307692307692308
12019949,1,1,24,195,0.12307692307692308
12019949,1,1,24,195,0.12307692307692308
12019949,1,1,24,195,0.12307692307692308
12019949,1,1,24,195,0.12307692307692308
12019949,1,1,24,195,0.12307692307692308
12019949,1,1,24,195,0.12307692307692308
12019979,1,1,6,106,0.05660377358490566
12019979,1,1,6,106,0.05660377358490566
12019979,1,1,6,106,0.05660377358490566
12019979,1,1,6,106,0.05660377358490566
12019979,1,1,6,106,0.05660377358490566
12019979,1,1,6,106,0.05660377358490566
12020048,1,1,1,75,0.013333333333333334
12020068,1,1,1,82,0.012195121951219513
12020069,1,1,5,129,0.03875968992248062
12020069,1,1,5,129,0.03875968992248062
12020069,1,1,5,129,0.03875968992248062
12020069,1,1,5,129,0.03875968992248062
12020069,1,1,5,129,0.03875968992248062
12020070,1,1,1,113,0.008849557522123894
12020072,1,1,2,97,0.020618556701030927
12020072,1,1,2,97,0.020618556701030927
12020073,1,1,10,192,0.052083333333333336
12020073,1,1,10,192,0.052083333333333336
12020073,1,1,10,192,0.052083333333333336
12020073,1,1,10,192,0.052083333333333336
12020073,1,1,10,192,0.052083333333333336
12020073,1,1,10,192,0.052083333333333336
12020073,1,1,10,192,0.052083333333333336
12020073,1,1,10,192,0.052083333333333336
12020073,1,1,10,192,0.052083333333333336
12020073,1,1,10,192,0.052083333333333336
12020074,1,1,1,114,0.008771929824561403
12020075,1,1,5,110,0.045454545454545456
12020075,1,1,5,110,0.045454545454545456
12020075,1,1,5,110,0.045454545454545456
12020075,1,1,5,110,0.045454545454545456
12020075,1,1,5,110,0.045454545454545456
12020509,1,1,1,116,0.008620689655172414
12020510,1,1,3,161,0.018633540372670808
12020510,1,1,3,161,0.018633540372670808
12020510,1,1,3,161,0.018633540372670808
12020513,1,1,1,154,0.006493506493506494
12020544,1,1,3,188,0.015957446808510637
12020544,1,1,3,188,0.015957446808510637
12020544,1,1,3,188,0.015957446808510637
12020555,1,1,1,80,0.0125
12020624,1,1,2,101,0.019801980198019802
12020624,1,1,2,101,0.019801980198019802
12020718,1,1,9,181,0.049723756906077346
12020718,1,1,9,181,0.049723756906077346
12020718,1,1,9,181,0.049723756906077346
12020718,1,1,9,181,0.049723756906077346
12020718,1,1,9,181,0.049723756906077346
12020718,1,1,9,181,0.049723756906077346
12020718,1,1,9,181,0.049723756906077346
12020718,1,1,9,181,0.049723756906077346
12020718,1,1,9,181,0.049723756906077346
12021294,1,1,2,96,0.020833333333333332
12021294,1,1,2,96,0.020833333333333332
12021309,1,1,4,185,0.021621621621621623
12021309,1,1,4,185,0.021621621621621623
12021309,1,1,4,185,0.021621621621621623
12021309,1,1,4,185,0.021621621621621623
12021318,1,1,5,80,0.0625
12021318,1,1,5,80,0.0625
12021318,1,1,5,80,0.0625
12021318,1,1,5,80,0.0625
12021318,1,1,5,80,0.0625
12021434,1,1,5,117,0.042735042735042736
12021434,1,1,5,117,0.042735042735042736
12021434,1,1,5,117,0.042735042735042736
12021434,1,1,5,117,0.042735042735042736
12021434,1,1,5,117,0.042735042735042736
12021435,1,1,8,96,0.08333333333333333
12021435,1,1,8,96,0.08333333333333333
12021435,1,1,8,96,0.08333333333333333
12021435,1,1,8,96,0.08333333333333333
12021435,1,1,8,96,0.08333333333333333
12021435,1,1,8,96,0.08333333333333333
12021435,1,1,8,96,0.08333333333333333
12021435,1,1,8,96,0.08333333333333333
12021442,1,1,2,147,0.013605442176870748
12021442,1,1,2,147,0.013605442176870748
12021451,1,1,5,70,0.07142857142857142
12021451,1,1,5,70,0.07142857142857142
12021451,1,1,5,70,0.07142857142857142
12021451,1,1,5,70,0.07142857142857142
12021451,1,1,5,70,0.07142857142857142
12021493,1,1,1,48,0.020833333333333332
12021494,1,1,1,146,0.00684931506849315
12021502,1,1,2,149,0.013422818791946308
12021502,1,1,2,149,0.013422818791946308
12021503,1,1,1,131,0.007633587786259542
12021508,1,1,1,131,0.007633587786259542
12021516,1,1,12,171,0.07017543859649122
12021516,1,1,12,171,0.07017543859649122
12021516,1,1,12,171,0.07017543859649122
12021516,1,1,12,171,0.07017543859649122
12021516,1,1,12,171,0.07017543859649122
12021516,1,1,12,171,0.07017543859649122
12021516,1,1,12,171,0.07017543859649122
12021516,1,1,12,171,0.07017543859649122
12021516,1,1,12,171,0.07017543859649122
12021516,1,1,12,171,0.07017543859649122
12021516,1,1,12,171,0.07017543859649122
12021516,1,1,12,171,0.07017543859649122
12021518,1,1,2,112,0.017857142857142856
12021518,1,1,2,112,0.017857142857142856
12021519,1,1,10,102,0.09803921568627451
12021519,1,1,10,102,0.09803921568627451
12021519,1,1,10,102,0.09803921568627451
12021519,1,1,10,102,0.09803921568627451
12021519,1,1,10,102,0.09803921568627451
12021519,1,1,10,102,0.09803921568627451
12021519,1,1,10,102,0.09803921568627451
12021519,1,1,10,102,0.09803921568627451
12021519,1,1,10,102,0.09803921568627451
12021519,1,1,10,102,0.09803921568627451
12021521,1,1,4,93,0.043010752688172046
12021521,1,1,4,93,0.043010752688172046
12021521,1,1,4,93,0.043010752688172046
12021521,1,1,4,93,0.043010752688172046
12021530,1,1,3,89,0.033707865168539325
12021530,1,1,3,89,0.033707865168539325
12021530,1,1,3,89,0.033707865168539325
12021532,1,1,1,92,0.010869565217391304
12021538,1,1,2,190,0.010526315789473684
12021538,1,1,2,190,0.010526315789473684
12021562,1,1,1,82,0.012195121951219513
12021566,1,1,1,180,0.005555555555555556
12021589,1,1,1,93,0.010752688172043012
12021605,1,1,6,162,0.037037037037037035
12021605,1,1,6,162,0.037037037037037035
12021605,1,1,6,162,0.037037037037037035
12021605,1,1,6,162,0.037037037037037035
12021605,1,1,6,162,0.037037037037037035
12021605,1,1,6,162,0.037037037037037035
12021622,1,1,2,86,0.023255813953488372
12021622,1,1,2,86,0.023255813953488372
12021624,1,1,6,85,0.07058823529411765
12021624,1,1,6,85,0.07058823529411765
12021624,1,1,6,85,0.07058823529411765
12021624,1,1,6,85,0.07058823529411765
12021624,1,1,6,85,0.07058823529411765
12021624,1,1,6,85,0.07058823529411765
12021659,1,1,4,83,0.04819277108433735
12021659,1,1,4,83,0.04819277108433735
12021659,1,1,4,83,0.04819277108433735
12021659,1,1,4,83,0.04819277108433735
12021806,1,1,1,147,0.006802721088435374
12021807,1,1,8,94,0.0851063829787234
12021807,1,1,8,94,0.0851063829787234
12021807,1,1,8,94,0.0851063829787234
12021807,1,1,8,94,0.0851063829787234
12021807,1,1,8,94,0.0851063829787234
12021807,1,1,8,94,0.0851063829787234
12021807,1,1,8,94,0.0851063829787234
12021807,1,1,8,94,0.0851063829787234
12021848,1,1,7,111,0.06306306306306306
12021848,1,1,7,111,0.06306306306306306
12021848,1,1,7,111,0.06306306306306306
12021848,1,1,7,111,0.06306306306306306
12021848,1,1,7,111,0.06306306306306306
12021848,1,1,7,111,0.06306306306306306
12021848,1,1,7,111,0.06306306306306306
12022248,1,1,6,96,0.0625
12022248,1,1,6,96,0.0625
12022248,1,1,6,96,0.0625
12022248,1,1,6,96,0.0625
12022248,1,1,6,96,0.0625
12022248,1,1,6,96,0.0625
12022250,1,1,10,144,0.06944444444444445
12022250,1,1,10,144,0.06944444444444445
12022250,1,1,10,144,0.06944444444444445
12022250,1,1,10,144,0.06944444444444445
12022250,1,1,10,144,0.06944444444444445
12022250,1,1,10,144,0.06944444444444445
12022250,1,1,10,144,0.06944444444444445
12022250,1,1,10,144,0.06944444444444445
12022250,1,1,10,144,0.06944444444444445
12022250,1,1,10,144,0.06944444444444445
12022262,1,1,2,86,0.023255813953488372
12022262,1,1,2,86,0.023255813953488372
12022282,1,1,5,90,0.05555555555555555
12022282,1,1,5,90,0.05555555555555555
12022282,1,1,5,90,0.05555555555555555
12022282,1,1,5,90,0.05555555555555555
12022282,1,1,5,90,0.05555555555555555
12022295,1,1,3,66,0.045454545454545456
12022295,1,1,3,66,0.045454545454545456
12022295,1,1,3,66,0.045454545454545456
12022305,1,1,22,150,0.14666666666666667
12022305,1,1,22,150,0.14666666666666667
12022305,1,1,22,150,0.14666666666666667
12022305,1,1,22,150,0.14666666666666667
12022305,1,1,22,150,0.14666666666666667
12022305,1,1,22,150,0.14666666666666667
12022305,1,1,22,150,0.14666666666666667
12022305,1,1,22,150,0.14666666666666667
12022305,1,1,22,150,0.14666666666666667
12022305,1,1,22,150,0.14666666666666667
12022305,1,1,22,150,0.14666666666666667
12022305,1,1,22,150,0.14666666666666667
12022305,1,1,22,150,0.14666666666666667
12022305,1,1,22,150,0.14666666666666667
12022305,1,1,22,150,0.14666666666666667
12022305,1,1,22,150,0.14666666666666667
12022305,1,1,22,150,0.14666666666666667
12022305,1,1,22,150,0.14666666666666667
12022305,1,1,22,150,0.14666666666666667
12022305,1,1,22,150,0.14666666666666667
12022305,1,1,22,150,0.14666666666666667
12022305,1,1,22,150,0.14666666666666667
12022321,1,1,5,187,0.026737967914438502
12022321,1,1,5,187,0.026737967914438502
12022321,1,1,5,187,0.026737967914438502
12022321,1,1,5,187,0.026737967914438502
12022321,1,1,5,187,0.026737967914438502
12022327,1,1,2,100,0.02
12022327,1,1,2,100,0.02
12022336,1,1,1,108,0.009259259259259259
12022371,1,1,3,80,0.0375
12022371,1,1,3,80,0.0375
12022371,1,1,3,80,0.0375
12022396,1,1,16,180,0.08888888888888889
12022396,1,1,16,180,0.08888888888888889
12022396,1,1,16,180,0.08888888888888889
12022396,1,1,16,180,0.08888888888888889
12022396,1,1,16,180,0.08888888888888889
12022396,1,1,16,180,0.08888888888888889
12022396,1,1,16,180,0.08888888888888889
12022396,1,1,16,180,0.08888888888888889
12022396,1,1,16,180,0.08888888888888889
12022396,1,1,16,180,0.08888888888888889
12022396,1,1,16,180,0.08888888888888889
12022396,1,1,16,180,0.08888888888888889
12022396,1,1,16,180,0.08888888888888889
12022396,1,1,16,180,0.08888888888888889
12022396,1,1,16,180,0.08888888888888889
12022396,1,1,16,180,0.08888888888888889
12022430,1,1,8,197,0.04060913705583756
12022430,1,1,8,197,0.04060913705583756
12022430,1,1,8,197,0.04060913705583756
12022430,1,1,8,197,0.04060913705583756
12022430,1,1,8,197,0.04060913705583756
12022430,1,1,8,197,0.04060913705583756
12022430,1,1,8,197,0.04060913705583756
12022430,1,1,8,197,0.04060913705583756
12022438,1,1,2,133,0.015037593984962405
12022438,1,1,2,133,0.015037593984962405
12022439,1,1,1,81,0.012345679012345678
12022452,1,1,1,89,0.011235955056179775
12022453,1,1,6,118,0.05084745762711865
12022453,1,1,6,118,0.05084745762711865
12022453,1,1,6,118,0.05084745762711865
12022453,1,1,6,118,0.05084745762711865
12022453,1,1,6,118,0.05084745762711865
12022453,1,1,6,118,0.05084745762711865
12022492,1,1,21,141,0.14893617021276595
12022492,1,1,21,141,0.14893617021276595
12022492,1,1,21,141,0.14893617021276595
12022492,1,1,21,141,0.14893617021276595
12022492,1,1,21,141,0.14893617021276595
12022492,1,1,21,141,0.14893617021276595
12022492,1,1,21,141,0.14893617021276595
12022492,1,1,21,141,0.14893617021276595
12022492,1,1,21,141,0.14893617021276595
12022492,1,1,21,141,0.14893617021276595
12022492,1,1,21,141,0.14893617021276595
12022492,1,1,21,141,0.14893617021276595
12022492,1,1,21,141,0.14893617021276595
12022492,1,1,21,141,0.14893617021276595
12022492,1,1,21,141,0.14893617021276595
12022492,1,1,21,141,0.14893617021276595
12022492,1,1,21,141,0.14893617021276595
12022492,1,1,21,141,0.14893617021276595
12022492,1,1,21,141,0.14893617021276595
12022492,1,1,21,141,0.14893617021276595
12022492,1,1,21,141,0.14893617021276595
12022513,1,1,7,180,0.03888888888888889
12022513,1,1,7,180,0.03888888888888889
12022513,1,1,7,180,0.03888888888888889
12022513,1,1,7,180,0.03888888888888889
12022513,1,1,7,180,0.03888888888888889
12022513,1,1,7,180,0.03888888888888889
12022513,1,1,7,180,0.03888888888888889
12022525,1,1,7,102,0.06862745098039216
12022525,1,1,7,102,0.06862745098039216
12022525,1,1,7,102,0.06862745098039216
12022525,1,1,7,102,0.06862745098039216
12022525,1,1,7,102,0.06862745098039216
12022525,1,1,7,102,0.06862745098039216
12022525,1,1,7,102,0.06862745098039216
12022526,1,1,15,183,0.08196721311475409
12022526,1,1,15,183,0.08196721311475409
12022526,1,1,15,183,0.08196721311475409
12022526,1,1,15,183,0.08196721311475409
12022526,1,1,15,183,0.08196721311475409
12022526,1,1,15,183,0.08196721311475409
12022526,1,1,15,183,0.08196721311475409
12022526,1,1,15,183,0.08196721311475409
12022526,1,1,15,183,0.08196721311475409
12022526,1,1,15,183,0.08196721311475409
12022526,1,1,15,183,0.08196721311475409
12022526,1,1,15,183,0.08196721311475409
12022526,1,1,15,183,0.08196721311475409
12022526,1,1,15,183,0.08196721311475409
12022526,1,1,15,183,0.08196721311475409
12022562,1,1,4,98,0.04081632653061224
12022562,1,1,4,98,0.04081632653061224
12022562,1,1,4,98,0.04081632653061224
12022562,1,1,4,98,0.04081632653061224
12022672,1,1,10,187,0.053475935828877004
12022672,1,1,10,187,0.053475935828877004
12022672,1,1,10,187,0.053475935828877004
12022672,1,1,10,187,0.053475935828877004
12022672,1,1,10,187,0.053475935828877004
12022672,1,1,10,187,0.053475935828877004
12022672,1,1,10,187,0.053475935828877004
12022672,1,1,10,187,0.053475935828877004
12022672,1,1,10,187,0.053475935828877004
12022672,1,1,10,187,0.053475935828877004
12022674,1,1,8,105,0.0761904761904762
12022674,1,1,8,105,0.0761904761904762
12022674,1,1,8,105,0.0761904761904762
12022674,1,1,8,105,0.0761904761904762
12022674,1,1,8,105,0.0761904761904762
12022674,1,1,8,105,0.0761904761904762
12022674,1,1,8,105,0.0761904761904762
12022674,1,1,8,105,0.0761904761904762
12022675,1,1,2,65,0.03076923076923077
12022675,1,1,2,65,0.03076923076923077
12022680,1,1,3,73,0.0410958904109589
12022680,1,1,3,73,0.0410958904109589
12022680,1,1,3,73,0.0410958904109589
12022685,1,1,1,109,0.009174311926605505
12022703,1,1,2,73,0.0273972602739726
12022703,1,1,2,73,0.0273972602739726
12022718,1,1,12,156,0.07692307692307693
12022718,1,1,12,156,0.07692307692307693
12022718,1,1,12,156,0.07692307692307693
12022718,1,1,12,156,0.07692307692307693
12022718,1,1,12,156,0.07692307692307693
12022718,1,1,12,156,0.07692307692307693
12022718,1,1,12,156,0.07692307692307693
12022718,1,1,12,156,0.07692307692307693
12022718,1,1,12,156,0.07692307692307693
12022718,1,1,12,156,0.07692307692307693
12022718,1,1,12,156,0.07692307692307693
12022718,1,1,12,156,0.07692307692307693
12022727,1,1,1,153,0.006535947712418301
12022802,1,1,1,70,0.014285714285714285
12023335,1,1,1,157,0.006369426751592357
12023340,1,1,1,74,0.013513513513513514
12023348,1,1,5,73,0.0684931506849315
12023348,1,1,5,73,0.0684931506849315
12023348,1,1,5,73,0.0684931506849315
12023348,1,1,5,73,0.0684931506849315
12023348,1,1,5,73,0.0684931506849315
12023350,1,1,6,173,0.03468208092485549
12023350,1,1,6,173,0.03468208092485549
12023350,1,1,6,173,0.03468208092485549
12023350,1,1,6,173,0.03468208092485549
12023350,1,1,6,173,0.03468208092485549
12023350,1,1,6,173,0.03468208092485549
12023352,1,1,3,123,0.024390243902439025
12023352,1,1,3,123,0.024390243902439025
12023352,1,1,3,123,0.024390243902439025
12023353,1,1,4,124,0.03225806451612903
12023353,1,1,4,124,0.03225806451612903
12023353,1,1,4,124,0.03225806451612903
12023353,1,1,4,124,0.03225806451612903
12023362,1,1,5,102,0.049019607843137254
12023362,1,1,5,102,0.049019607843137254
12023362,1,1,5,102,0.049019607843137254
12023362,1,1,5,102,0.049019607843137254
12023362,1,1,5,102,0.049019607843137254
12023461,1,1,1,164,0.006097560975609756
12023462,1,1,4,122,0.03278688524590164
12023462,1,1,4,122,0.03278688524590164
12023462,1,1,4,122,0.03278688524590164
12023462,1,1,4,122,0.03278688524590164
12023465,1,1,2,72,0.027777777777777776
12023465,1,1,2,72,0.027777777777777776
12023470,1,1,4,184,0.021739130434782608
12023470,1,1,4,184,0.021739130434782608
12023470,1,1,4,184,0.021739130434782608
12023470,1,1,4,184,0.021739130434782608
12024041,1,1,7,104,0.0673076923076923
12024041,1,1,7,104,0.0673076923076923
12024041,1,1,7,104,0.0673076923076923
12024041,1,1,7,104,0.0673076923076923
12024041,1,1,7,104,0.0673076923076923
12024041,1,1,7,104,0.0673076923076923
12024041,1,1,7,104,0.0673076923076923
12024043,1,1,9,104,0.08653846153846154
12024043,1,1,9,104,0.08653846153846154
12024043,1,1,9,104,0.08653846153846154
12024043,1,1,9,104,0.08653846153846154
12024043,1,1,9,104,0.08653846153846154
12024043,1,1,9,104,0.08653846153846154
12024043,1,1,9,104,0.08653846153846154
12024043,1,1,9,104,0.08653846153846154
12024043,1,1,9,104,0.08653846153846154
12024064,1,1,14,178,0.07865168539325842
12024064,1,1,14,178,0.07865168539325842
12024064,1,1,14,178,0.07865168539325842
12024064,1,1,14,178,0.07865168539325842
12024064,1,1,14,178,0.07865168539325842
12024064,1,1,14,178,0.07865168539325842
12024064,1,1,14,178,0.07865168539325842
12024064,1,1,14,178,0.07865168539325842
12024064,1,1,14,178,0.07865168539325842
12024064,1,1,14,178,0.07865168539325842
12024064,1,1,14,178,0.07865168539325842
12024064,1,1,14,178,0.07865168539325842
12024064,1,1,14,178,0.07865168539325842
12024064,1,1,14,178,0.07865168539325842
12024149,1,1,8,106,0.07547169811320754
12024149,1,1,8,106,0.07547169811320754
12024149,1,1,8,106,0.07547169811320754
12024149,1,1,8,106,0.07547169811320754
12024149,1,1,8,106,0.07547169811320754
12024149,1,1,8,106,0.07547169811320754
12024149,1,1,8,106,0.07547169811320754
12024149,1,1,8,106,0.07547169811320754
12024225,1,1,3,98,0.030612244897959183
12024225,1,1,3,98,0.030612244897959183
12024225,1,1,3,98,0.030612244897959183
12024232,1,1,3,116,0.02586206896551724
12024232,1,1,3,116,0.02586206896551724
12024232,1,1,3,116,0.02586206896551724
12024235,1,1,4,112,0.03571428571428571
12024235,1,1,4,112,0.03571428571428571
12024235,1,1,4,112,0.03571428571428571
12024235,1,1,4,112,0.03571428571428571
12024236,1,1,1,92,0.010869565217391304
12024248,1,1,1,87,0.011494252873563218
12024249,1,1,1,145,0.006896551724137931
12024254,1,1,4,85,0.047058823529411764
12024254,1,1,4,85,0.047058823529411764
12024254,1,1,4,85,0.047058823529411764
12024254,1,1,4,85,0.047058823529411764
12024307,1,1,1,122,0.00819672131147541
12024368,1,1,15,129,0.11627906976744186
12024368,1,1,15,129,0.11627906976744186
12024368,1,1,15,129,0.11627906976744186
12024368,1,1,15,129,0.11627906976744186
12024368,1,1,15,129,0.11627906976744186
12024368,1,1,15,129,0.11627906976744186
12024368,1,1,15,129,0.11627906976744186
12024368,1,1,15,129,0.11627906976744186
12024368,1,1,15,129,0.11627906976744186
12024368,1,1,15,129,0.11627906976744186
12024368,1,1,15,129,0.11627906976744186
12024368,1,1,15,129,0.11627906976744186
12024368,1,1,15,129,0.11627906976744186
12024368,1,1,15,129,0.11627906976744186
12024368,1,1,15,129,0.11627906976744186
12024386,1,1,2,103,0.019417475728155338
12024386,1,1,2,103,0.019417475728155338
12024387,1,1,4,217,0.018433179723502304
12024387,1,1,4,217,0.018433179723502304
12024387,1,1,4,217,0.018433179723502304
12024387,1,1,4,217,0.018433179723502304
12024431,1,1,1,106,0.009433962264150943
12024440,1,1,8,110,0.07272727272727272
12024440,1,1,8,110,0.07272727272727272
12024440,1,1,8,110,0.07272727272727272
12024440,1,1,8,110,0.07272727272727272
12024440,1,1,8,110,0.07272727272727272
12024440,1,1,8,110,0.07272727272727272
12024440,1,1,8,110,0.07272727272727272
12024440,1,1,8,110,0.07272727272727272
12024628,1,1,1,110,0.00909090909090909
12024632,1,1,10,105,0.09523809523809523
12024632,1,1,10,105,0.09523809523809523
12024632,1,1,10,105,0.09523809523809523
12024632,1,1,10,105,0.09523809523809523
12024632,1,1,10,105,0.09523809523809523
12024632,1,1,10,105,0.09523809523809523
12024632,1,1,10,105,0.09523809523809523
12024632,1,1,10,105,0.09523809523809523
12024632,1,1,10,105,0.09523809523809523
12024632,1,1,10,105,0.09523809523809523
12024643,1,1,8,103,0.07766990291262135
12024643,1,1,8,103,0.07766990291262135
12024643,1,1,8,103,0.07766990291262135
12024643,1,1,8,103,0.07766990291262135
12024643,1,1,8,103,0.07766990291262135
12024643,1,1,8,103,0.07766990291262135
12024643,1,1,8,103,0.07766990291262135
12024643,1,1,8,103,0.07766990291262135
12024644,1,1,4,194,0.020618556701030927
12024644,1,1,4,194,0.020618556701030927
12024644,1,1,4,194,0.020618556701030927
12024644,1,1,4,194,0.020618556701030927
12024645,1,1,3,103,0.02912621359223301
12024645,1,1,3,103,0.02912621359223301
12024645,1,1,3,103,0.02912621359223301
12024652,1,1,5,86,0.05813953488372093
12024652,1,1,5,86,0.05813953488372093
12024652,1,1,5,86,0.05813953488372093
12024652,1,1,5,86,0.05813953488372093
12024652,1,1,5,86,0.05813953488372093
12024769,1,1,9,96,0.09375
12024769,1,1,9,96,0.09375
12024769,1,1,9,96,0.09375
12024769,1,1,9,96,0.09375
12024769,1,1,9,96,0.09375
12024769,1,1,9,96,0.09375
12024769,1,1,9,96,0.09375
12024769,1,1,9,96,0.09375
12024769,1,1,9,96,0.09375
12024782,1,1,7,99,0.0707070707070707
12024782,1,1,7,99,0.0707070707070707
12024782,1,1,7,99,0.0707070707070707
12024782,1,1,7,99,0.0707070707070707
12024782,1,1,7,99,0.0707070707070707
12024782,1,1,7,99,0.0707070707070707
12024782,1,1,7,99,0.0707070707070707
12024913,1,1,1,101,0.009900990099009901
12025030,1,1,1,167,0.005988023952095809
12025056,1,1,6,125,0.048
12025056,1,1,6,125,0.048
12025056,1,1,6,125,0.048
12025056,1,1,6,125,0.048
12025056,1,1,6,125,0.048
12025056,1,1,6,125,0.048
12025057,1,1,2,88,0.022727272727272728
12025057,1,1,2,88,0.022727272727272728
12025085,1,1,17,189,0.08994708994708994
12025085,1,1,17,189,0.08994708994708994
12025085,1,1,17,189,0.08994708994708994
12025085,1,1,17,189,0.08994708994708994
12025085,1,1,17,189,0.08994708994708994
12025085,1,1,17,189,0.08994708994708994
12025085,1,1,17,189,0.08994708994708994
12025085,1,1,17,189,0.08994708994708994
12025085,1,1,17,189,0.08994708994708994
12025085,1,1,17,189,0.08994708994708994
12025085,1,1,17,189,0.08994708994708994
12025085,1,1,17,189,0.08994708994708994
12025085,1,1,17,189,0.08994708994708994
12025085,1,1,17,189,0.08994708994708994
12025085,1,1,17,189,0.08994708994708994
12025085,1,1,17,189,0.08994708994708994
12025085,1,1,17,189,0.08994708994708994
12025144,1,1,17,174,0.09770114942528736
12025144,1,1,17,174,0.09770114942528736
12025144,1,1,17,174,0.09770114942528736
12025144,1,1,17,174,0.09770114942528736
12025144,1,1,17,174,0.09770114942528736
12025144,1,1,17,174,0.09770114942528736
12025144,1,1,17,174,0.09770114942528736
12025144,1,1,17,174,0.09770114942528736
12025144,1,1,17,174,0.09770114942528736
12025144,1,1,17,174,0.09770114942528736
12025144,1,1,17,174,0.09770114942528736
12025144,1,1,17,174,0.09770114942528736
12025144,1,1,17,174,0.09770114942528736
12025144,1,1,17,174,0.09770114942528736
12025144,1,1,17,174,0.09770114942528736
12025144,1,1,17,174,0.09770114942528736
12025144,1,1,17,174,0.09770114942528736
12025672,1,1,11,146,0.07534246575342465
12025672,1,1,11,146,0.07534246575342465
12025672,1,1,11,146,0.07534246575342465
12025672,1,1,11,146,0.07534246575342465
12025672,1,1,11,146,0.07534246575342465
12025672,1,1,11,146,0.07534246575342465
12025672,1,1,11,146,0.07534246575342465
12025672,1,1,11,146,0.07534246575342465
12025672,1,1,11,146,0.07534246575342465
12025672,1,1,11,146,0.07534246575342465
12025672,1,1,11,146,0.07534246575342465
12156295,1,1,9,136,0.0661764705882353
12156295,1,1,9,136,0.0661764705882353
12156295,1,1,9,136,0.0661764705882353
12156295,1,1,9,136,0.0661764705882353
12156295,1,1,9,136,0.0661764705882353
12156295,1,1,9,136,0.0661764705882353
12156295,1,1,9,136,0.0661764705882353
12156295,1,1,9,136,0.0661764705882353
12156295,1,1,9,136,0.0661764705882353
12157171,1,1,9,77,0.11688311688311688
12157171,1,1,9,77,0.11688311688311688
12157171,1,1,9,77,0.11688311688311688
12157171,1,1,9,77,0.11688311688311688
12157171,1,1,9,77,0.11688311688311688
12157171,1,1,9,77,0.11688311688311688
12157171,1,1,9,77,0.11688311688311688
12157171,1,1,9,77,0.11688311688311688
12157171,1,1,9,77,0.11688311688311688
12173700,1,1,3,133,0.022556390977443608
12173700,1,1,3,133,0.022556390977443608
12173700,1,1,3,133,0.022556390977443608
12173714,1,1,3,135,0.022222222222222223
12173714,1,1,3,135,0.022222222222222223
12173714,1,1,3,135,0.022222222222222223
12173950,1,1,4,151,0.026490066225165563
12173950,1,1,4,151,0.026490066225165563
12173950,1,1,4,151,0.026490066225165563
12173950,1,1,4,151,0.026490066225165563
12173960,1,1,2,126,0.015873015873015872
12173960,1,1,2,126,0.015873015873015872
12173961,1,1,8,181,0.04419889502762431
12173961,1,1,8,181,0.04419889502762431
12173961,1,1,8,181,0.04419889502762431
12173961,1,1,8,181,0.04419889502762431
12173961,1,1,8,181,0.04419889502762431
12173961,1,1,8,181,0.04419889502762431
12173961,1,1,8,181,0.04419889502762431
12173961,1,1,8,181,0.04419889502762431
12173997,1,1,20,125,0.16
12173997,1,1,20,125,0.16
12173997,1,1,20,125,0.16
12173997,1,1,20,125,0.16
12173997,1,1,20,125,0.16
12173997,1,1,20,125,0.16
12173997,1,1,20,125,0.16
12173997,1,1,20,125,0.16
12173997,1,1,20,125,0.16
12173997,1,1,20,125,0.16
12173997,1,1,20,125,0.16
12173997,1,1,20,125,0.16
12173997,1,1,20,125,0.16
12173997,1,1,20,125,0.16
12173997,1,1,20,125,0.16
12173997,1,1,20,125,0.16
12173997,1,1,20,125,0.16
12173997,1,1,20,125,0.16
12173997,1,1,20,125,0.16
12173997,1,1,20,125,0.16
12174001,1,1,6,111,0.05405405405405406
12174001,1,1,6,111,0.05405405405405406
12174001,1,1,6,111,0.05405405405405406
12174001,1,1,6,111,0.05405405405405406
12174001,1,1,6,111,0.05405405405405406
12174001,1,1,6,111,0.05405405405405406
12174004,1,1,8,161,0.049689440993788817
12174004,1,1,8,161,0.049689440993788817
12174004,1,1,8,161,0.049689440993788817
12174004,1,1,8,161,0.049689440993788817
12174004,1,1,8,161,0.049689440993788817
12174004,1,1,8,161,0.049689440993788817
12174004,1,1,8,161,0.049689440993788817
12174004,1,1,8,161,0.049689440993788817
12174250,1,1,8,183,0.04371584699453552
12174250,1,1,8,183,0.04371584699453552
12174250,1,1,8,183,0.04371584699453552
12174250,1,1,8,183,0.04371584699453552
12174250,1,1,8,183,0.04371584699453552
12174250,1,1,8,183,0.04371584699453552
12174250,1,1,8,183,0.04371584699453552
12174250,1,1,8,183,0.04371584699453552
12174254,1,1,1,99,0.010101010101010102
12174262,1,1,4,144,0.027777777777777776
12174262,1,1,4,144,0.027777777777777776
12174262,1,1,4,144,0.027777777777777776
12174262,1,1,4,144,0.027777777777777776
12174263,1,1,15,169,0.08875739644970414
12174263,1,1,15,169,0.08875739644970414
12174263,1,1,15,169,0.08875739644970414
12174263,1,1,15,169,0.08875739644970414
12174263,1,1,15,169,0.08875739644970414
12174263,1,1,15,169,0.08875739644970414
12174263,1,1,15,169,0.08875739644970414
12174263,1,1,15,169,0.08875739644970414
12174263,1,1,15,169,0.08875739644970414
12174263,1,1,15,169,0.08875739644970414
12174263,1,1,15,169,0.08875739644970414
12174263,1,1,15,169,0.08875739644970414
12174263,1,1,15,169,0.08875739644970414
12174263,1,1,15,169,0.08875739644970414
12174263,1,1,15,169,0.08875739644970414
12174392,1,1,4,108,0.037037037037037035
12174392,1,1,4,108,0.037037037037037035
12174392,1,1,4,108,0.037037037037037035
12174392,1,1,4,108,0.037037037037037035
12174393,1,1,4,83,0.04819277108433735
12174393,1,1,4,83,0.04819277108433735
12174393,1,1,4,83,0.04819277108433735
12174393,1,1,4,83,0.04819277108433735
12174431,1,1,5,209,0.023923444976076555
12174431,1,1,5,209,0.023923444976076555
12174431,1,1,5,209,0.023923444976076555
12174431,1,1,5,209,0.023923444976076555
12174431,1,1,5,209,0.023923444976076555
12174432,1,1,1,112,0.008928571428571428
12174433,1,1,2,76,0.02631578947368421
12174433,1,1,2,76,0.02631578947368421
12205253,1,1,3,71,0.04225352112676056
12205253,1,1,3,71,0.04225352112676056
12205253,1,1,3,71,0.04225352112676056
12205348,1,1,7,139,0.050359712230215826
12205348,1,1,7,139,0.050359712230215826
12205348,1,1,7,139,0.050359712230215826
12205348,1,1,7,139,0.050359712230215826
12205348,1,1,7,139,0.050359712230215826
12205348,1,1,7,139,0.050359712230215826
12205348,1,1,7,139,0.050359712230215826
12205516,1,1,6,147,0.04081632653061224
12205516,1,1,6,147,0.04081632653061224
12205516,1,1,6,147,0.04081632653061224
12205516,1,1,6,147,0.04081632653061224
12205516,1,1,6,147,0.04081632653061224
12205516,1,1,6,147,0.04081632653061224
12206003,1,1,1,87,0.011494252873563218
12206038,1,1,2,86,0.023255813953488372
12206038,1,1,2,86,0.023255813953488372
12206039,1,1,5,129,0.03875968992248062
12206039,1,1,5,129,0.03875968992248062
12206039,1,1,5,129,0.03875968992248062
12206039,1,1,5,129,0.03875968992248062
12206039,1,1,5,129,0.03875968992248062
12206040,1,1,1,87,0.011494252873563218
12206041,1,1,9,153,0.058823529411764705
12206041,1,1,9,153,0.058823529411764705
12206041,1,1,9,153,0.058823529411764705
12206041,1,1,9,153,0.058823529411764705
12206041,1,1,9,153,0.058823529411764705
12206041,1,1,9,153,0.058823529411764705
12206041,1,1,9,153,0.058823529411764705
12206041,1,1,9,153,0.058823529411764705
12206041,1,1,9,153,0.058823529411764705
12206043,1,1,3,102,0.029411764705882353
12206043,1,1,3,102,0.029411764705882353
12206043,1,1,3,102,0.029411764705882353
12206045,1,1,1,62,0.016129032258064516
12206046,1,1,2,156,0.01282051282051282
12206046,1,1,2,156,0.01282051282051282
12206048,1,1,5,89,0.056179775280898875
12206048,1,1,5,89,0.056179775280898875
12206048,1,1,5,89,0.056179775280898875
12206048,1,1,5,89,0.056179775280898875
12206048,1,1,5,89,0.056179775280898875
12206051,1,1,3,89,0.033707865168539325
12206051,1,1,3,89,0.033707865168539325
12206051,1,1,3,89,0.033707865168539325
12206066,1,1,8,120,0.06666666666666667
12206066,1,1,8,120,0.06666666666666667
12206066,1,1,8,120,0.06666666666666667
12206066,1,1,8,120,0.06666666666666667
12206066,1,1,8,120,0.06666666666666667
12206066,1,1,8,120,0.06666666666666667
12206066,1,1,8,120,0.06666666666666667
12206066,1,1,8,120,0.06666666666666667
12206157,1,1,9,135,0.06666666666666667
12206157,1,1,9,135,0.06666666666666667
12206157,1,1,9,135,0.06666666666666667
12206157,1,1,9,135,0.06666666666666667
12206157,1,1,9,135,0.06666666666666667
12206157,1,1,9,135,0.06666666666666667
12206157,1,1,9,135,0.06666666666666667
12206157,1,1,9,135,0.06666666666666667
12206157,1,1,9,135,0.06666666666666667
12206193,1,1,6,130,0.046153846153846156
12206193,1,1,6,130,0.046153846153846156
12206193,1,1,6,130,0.046153846153846156
12206193,1,1,6,130,0.046153846153846156
12206193,1,1,6,130,0.046153846153846156
12206193,1,1,6,130,0.046153846153846156
12206194,1,1,13,148,0.08783783783783784
12206194,1,1,13,148,0.08783783783783784
12206194,1,1,13,148,0.08783783783783784
12206194,1,1,13,148,0.08783783783783784
12206194,1,1,13,148,0.08783783783783784
12206194,1,1,13,148,0.08783783783783784
12206194,1,1,13,148,0.08783783783783784
12206194,1,1,13,148,0.08783783783783784
12206194,1,1,13,148,0.08783783783783784
12206194,1,1,13,148,0.08783783783783784
12206194,1,1,13,148,0.08783783783783784
12206194,1,1,13,148,0.08783783783783784
12206194,1,1,13,148,0.08783783783783784
12206197,1,1,5,143,0.03496503496503497
12206197,1,1,5,143,0.03496503496503497
12206197,1,1,5,143,0.03496503496503497
12206197,1,1,5,143,0.03496503496503497
12206197,1,1,5,143,0.03496503496503497
12206198,1,1,7,106,0.0660377358490566
12206198,1,1,7,106,0.0660377358490566
12206198,1,1,7,106,0.0660377358490566
12206198,1,1,7,106,0.0660377358490566
12206198,1,1,7,106,0.0660377358490566
12206198,1,1,7,106,0.0660377358490566
12206198,1,1,7,106,0.0660377358490566
12206199,1,1,10,75,0.13333333333333333
12206199,1,1,10,75,0.13333333333333333
12206199,1,1,10,75,0.13333333333333333
12206199,1,1,10,75,0.13333333333333333
12206199,1,1,10,75,0.13333333333333333
12206199,1,1,10,75,0.13333333333333333
12206199,1,1,10,75,0.13333333333333333
12206199,1,1,10,75,0.13333333333333333
12206199,1,1,10,75,0.13333333333333333
12206199,1,1,10,75,0.13333333333333333
12206200,1,1,16,166,0.0963855421686747
12206200,1,1,16,166,0.0963855421686747
12206200,1,1,16,166,0.0963855421686747
12206200,1,1,16,166,0.0963855421686747
12206200,1,1,16,166,0.0963855421686747
12206200,1,1,16,166,0.0963855421686747
12206200,1,1,16,166,0.0963855421686747
12206200,1,1,16,166,0.0963855421686747
12206200,1,1,16,166,0.0963855421686747
12206200,1,1,16,166,0.0963855421686747
12206200,1,1,16,166,0.0963855421686747
12206200,1,1,16,166,0.0963855421686747
12206200,1,1,16,166,0.0963855421686747
12206200,1,1,16,166,0.0963855421686747
12206200,1,1,16,166,0.0963855421686747
12206200,1,1,16,166,0.0963855421686747
12206201,1,1,4,124,0.03225806451612903
12206201,1,1,4,124,0.03225806451612903
12206201,1,1,4,124,0.03225806451612903
12206201,1,1,4,124,0.03225806451612903
12206497,1,1,3,105,0.02857142857142857
12206497,1,1,3,105,0.02857142857142857
12206497,1,1,3,105,0.02857142857142857
12206498,1,1,4,172,0.023255813953488372
12206498,1,1,4,172,0.023255813953488372
12206498,1,1,4,172,0.023255813953488372
12206498,1,1,4,172,0.023255813953488372
12206499,1,1,9,154,0.05844155844155844
12206499,1,1,9,154,0.05844155844155844
12206499,1,1,9,154,0.05844155844155844
12206499,1,1,9,154,0.05844155844155844
12206499,1,1,9,154,0.05844155844155844
12206499,1,1,9,154,0.05844155844155844
12206499,1,1,9,154,0.05844155844155844
12206499,1,1,9,154,0.05844155844155844
12206499,1,1,9,154,0.05844155844155844
12206500,1,1,1,124,0.008064516129032258
12206501,1,1,4,111,0.036036036036036036
12206501,1,1,4,111,0.036036036036036036
12206501,1,1,4,111,0.036036036036036036
12206501,1,1,4,111,0.036036036036036036
12206502,1,1,2,137,0.014598540145985401
12206502,1,1,2,137,0.014598540145985401
12206503,1,1,1,171,0.005847953216374269
12206504,1,1,3,72,0.041666666666666664
12206504,1,1,3,72,0.041666666666666664
12206504,1,1,3,72,0.041666666666666664
12206505,1,1,2,84,0.023809523809523808
12206505,1,1,2,84,0.023809523809523808
12206506,1,1,5,74,0.06756756756756757
12206506,1,1,5,74,0.06756756756756757
12206506,1,1,5,74,0.06756756756756757
12206506,1,1,5,74,0.06756756756756757
12206506,1,1,5,74,0.06756756756756757
12206507,1,1,11,174,0.06321839080459771
12206507,1,1,11,174,0.06321839080459771
12206507,1,1,11,174,0.06321839080459771
12206507,1,1,11,174,0.06321839080459771
12206507,1,1,11,174,0.06321839080459771
12206507,1,1,11,174,0.06321839080459771
12206507,1,1,11,174,0.06321839080459771
12206507,1,1,11,174,0.06321839080459771
12206507,1,1,11,174,0.06321839080459771
12206507,1,1,11,174,0.06321839080459771
12206507,1,1,11,174,0.06321839080459771
12206508,1,1,1,59,0.01694915254237288
12206509,1,1,2,137,0.014598540145985401
12206509,1,1,2,137,0.014598540145985401
12206510,1,1,4,71,0.056338028169014086
12206510,1,1,4,71,0.056338028169014086
12206510,1,1,4,71,0.056338028169014086
12206510,1,1,4,71,0.056338028169014086
12206511,1,1,4,166,0.024096385542168676
12206511,1,1,4,166,0.024096385542168676
12206511,1,1,4,166,0.024096385542168676
12206511,1,1,4,166,0.024096385542168676
12206512,1,1,1,110,0.00909090909090909
12206513,1,1,2,86,0.023255813953488372
12206513,1,1,2,86,0.023255813953488372
12206515,1,1,1,122,0.00819672131147541
12206516,1,1,4,152,0.02631578947368421
12206516,1,1,4,152,0.02631578947368421
12206516,1,1,4,152,0.02631578947368421
12206516,1,1,4,152,0.02631578947368421
12206518,1,1,2,101,0.019801980198019802
12206518,1,1,2,101,0.019801980198019802
12206519,1,1,1,74,0.013513513513513514
12206520,1,1,3,77,0.03896103896103896
12206520,1,1,3,77,0.03896103896103896
12206520,1,1,3,77,0.03896103896103896
12206521,1,1,8,140,0.05714285714285714
12206521,1,1,8,140,0.05714285714285714
12206521,1,1,8,140,0.05714285714285714
12206521,1,1,8,140,0.05714285714285714
12206521,1,1,8,140,0.05714285714285714
12206521,1,1,8,140,0.05714285714285714
12206521,1,1,8,140,0.05714285714285714
12206521,1,1,8,140,0.05714285714285714
12206548,1,1,4,82,0.04878048780487805
12206548,1,1,4,82,0.04878048780487805
12206548,1,1,4,82,0.04878048780487805
12206548,1,1,4,82,0.04878048780487805
12208925,1,1,5,112,0.044642857142857144
12208925,1,1,5,112,0.044642857142857144
12208925,1,1,5,112,0.044642857142857144
12208925,1,1,5,112,0.044642857142857144
12208925,1,1,5,112,0.044642857142857144
12208950,1,1,1,112,0.008928571428571428
12208973,1,1,2,177,0.011299435028248588
12208973,1,1,2,177,0.011299435028248588
12208979,1,1,3,112,0.026785714285714284
12208979,1,1,3,112,0.026785714285714284
12208979,1,1,3,112,0.026785714285714284
12209066,1,1,4,77,0.05194805194805195
12209066,1,1,4,77,0.05194805194805195
12209066,1,1,4,77,0.05194805194805195
12209066,1,1,4,77,0.05194805194805195
12209111,1,1,1,124,0.008064516129032258
12209112,1,1,1,134,0.007462686567164179
12209113,1,1,4,69,0.057971014492753624
12209113,1,1,4,69,0.057971014492753624
12209113,1,1,4,69,0.057971014492753624
12209113,1,1,4,69,0.057971014492753624
12209115,1,1,1,75,0.013333333333333334
12209116,1,1,2,190,0.010526315789473684
12209116,1,1,2,190,0.010526315789473684
12209119,1,1,1,74,0.013513513513513514
12209124,1,1,5,88,0.056818181818181816
12209124,1,1,5,88,0.056818181818181816
12209124,1,1,5,88,0.056818181818181816
12209124,1,1,5,88,0.056818181818181816
12209124,1,1,5,88,0.056818181818181816
12209125,1,1,4,101,0.039603960396039604
12209125,1,1,4,101,0.039603960396039604
12209125,1,1,4,101,0.039603960396039604
12209125,1,1,4,101,0.039603960396039604
12209126,1,1,6,108,0.05555555555555555
12209126,1,1,6,108,0.05555555555555555
12209126,1,1,6,108,0.05555555555555555
12209126,1,1,6,108,0.05555555555555555
12209126,1,1,6,108,0.05555555555555555
12209126,1,1,6,108,0.05555555555555555
12209128,1,1,3,121,0.024793388429752067
12209128,1,1,3,121,0.024793388429752067
12209128,1,1,3,121,0.024793388429752067
12209167,1,1,2,82,0.024390243902439025
12209167,1,1,2,82,0.024390243902439025
12209242,1,1,4,75,0.05333333333333334
12209242,1,1,4,75,0.05333333333333334
12209242,1,1,4,75,0.05333333333333334
12209242,1,1,4,75,0.05333333333333334
12209299,1,1,7,81,0.08641975308641975
12209299,1,1,7,81,0.08641975308641975
12209299,1,1,7,81,0.08641975308641975
12209299,1,1,7,81,0.08641975308641975
12209299,1,1,7,81,0.08641975308641975
12209299,1,1,7,81,0.08641975308641975
12209299,1,1,7,81,0.08641975308641975
12209492,1,1,5,205,0.024390243902439025
12209492,1,1,5,205,0.024390243902439025
12209492,1,1,5,205,0.024390243902439025
12209492,1,1,5,205,0.024390243902439025
12209492,1,1,5,205,0.024390243902439025
12209586,1,1,6,123,0.04878048780487805
12209586,1,1,6,123,0.04878048780487805
12209586,1,1,6,123,0.04878048780487805
12209586,1,1,6,123,0.04878048780487805
12209586,1,1,6,123,0.04878048780487805
12209586,1,1,6,123,0.04878048780487805
12209682,1,1,1,92,0.010869565217391304
12209683,1,1,3,58,0.05172413793103448
12209683,1,1,3,58,0.05172413793103448
12209683,1,1,3,58,0.05172413793103448
12209687,1,1,1,78,0.01282051282051282
12209688,1,1,3,96,0.03125
12209688,1,1,3,96,0.03125
12209688,1,1,3,96,0.03125
12209689,1,1,1,106,0.009433962264150943
12209692,1,1,1,61,0.01639344262295082
12209695,1,1,1,87,0.011494252873563218
12209697,1,1,2,118,0.01694915254237288
12209697,1,1,2,118,0.01694915254237288
12209703,1,1,7,176,0.03977272727272727
12209703,1,1,7,176,0.03977272727272727
12209703,1,1,7,176,0.03977272727272727
12209703,1,1,7,176,0.03977272727272727
12209703,1,1,7,176,0.03977272727272727
12209703,1,1,7,176,0.03977272727272727
12209703,1,1,7,176,0.03977272727272727
12209704,1,1,10,160,0.0625
12209704,1,1,10,160,0.0625
12209704,1,1,10,160,0.0625
12209704,1,1,10,160,0.0625
12209704,1,1,10,160,0.0625
12209704,1,1,10,160,0.0625
12209704,1,1,10,160,0.0625
12209704,1,1,10,160,0.0625
12209704,1,1,10,160,0.0625
12209704,1,1,10,160,0.0625
12209705,1,1,4,109,0.03669724770642202
12209705,1,1,4,109,0.03669724770642202
12209705,1,1,4,109,0.03669724770642202
12209705,1,1,4,109,0.03669724770642202
12209706,1,1,2,105,0.01904761904761905
12209706,1,1,2,105,0.01904761904761905
12209710,1,1,6,151,0.039735099337748346
12209710,1,1,6,151,0.039735099337748346
12209710,1,1,6,151,0.039735099337748346
12209710,1,1,6,151,0.039735099337748346
12209710,1,1,6,151,0.039735099337748346
12209710,1,1,6,151,0.039735099337748346
12209712,1,1,3,87,0.034482758620689655
12209712,1,1,3,87,0.034482758620689655
12209712,1,1,3,87,0.034482758620689655
12209736,1,1,5,126,0.03968253968253968
12209736,1,1,5,126,0.03968253968253968
12209736,1,1,5,126,0.03968253968253968
12209736,1,1,5,126,0.03968253968253968
12209736,1,1,5,126,0.03968253968253968
12209737,1,1,3,73,0.0410958904109589
12209737,1,1,3,73,0.0410958904109589
12209737,1,1,3,73,0.0410958904109589
12209738,1,1,14,108,0.12962962962962962
12209738,1,1,14,108,0.12962962962962962
12209738,1,1,14,108,0.12962962962962962
12209738,1,1,14,108,0.12962962962962962
12209738,1,1,14,108,0.12962962962962962
12209738,1,1,14,108,0.12962962962962962
12209738,1,1,14,108,0.12962962962962962
12209738,1,1,14,108,0.12962962962962962
12209738,1,1,14,108,0.12962962962962962
12209738,1,1,14,108,0.12962962962962962
12209738,1,1,14,108,0.12962962962962962
12209738,1,1,14,108,0.12962962962962962
12209738,1,1,14,108,0.12962962962962962
12209738,1,1,14,108,0.12962962962962962
12209739,1,1,4,76,0.05263157894736842
12209739,1,1,4,76,0.05263157894736842
12209739,1,1,4,76,0.05263157894736842
12209739,1,1,4,76,0.05263157894736842
12209740,1,1,3,94,0.031914893617021274
12209740,1,1,3,94,0.031914893617021274
12209740,1,1,3,94,0.031914893617021274
12209741,1,1,3,88,0.03409090909090909
12209741,1,1,3,88,0.03409090909090909
12209741,1,1,3,88,0.03409090909090909
12209742,1,1,13,104,0.125
12209742,1,1,13,104,0.125
12209742,1,1,13,104,0.125
12209742,1,1,13,104,0.125
12209742,1,1,13,104,0.125
12209742,1,1,13,104,0.125
12209742,1,1,13,104,0.125
12209742,1,1,13,104,0.125
12209742,1,1,13,104,0.125
12209742,1,1,13,104,0.125
12209742,1,1,13,104,0.125
12209742,1,1,13,104,0.125
12209742,1,1,13,104,0.125
12209743,1,1,14,94,0.14893617021276595
12209743,1,1,14,94,0.14893617021276595
12209743,1,1,14,94,0.14893617021276595
12209743,1,1,14,94,0.14893617021276595
12209743,1,1,14,94,0.14893617021276595
12209743,1,1,14,94,0.14893617021276595
12209743,1,1,14,94,0.14893617021276595
12209743,1,1,14,94,0.14893617021276595
12209743,1,1,14,94,0.14893617021276595
12209743,1,1,14,94,0.14893617021276595
12209743,1,1,14,94,0.14893617021276595
12209743,1,1,14,94,0.14893617021276595
12209743,1,1,14,94,0.14893617021276595
12209743,1,1,14,94,0.14893617021276595
12209744,1,1,3,60,0.05
12209744,1,1,3,60,0.05
12209744,1,1,3,60,0.05
12209746,1,1,9,113,0.07964601769911504
12209746,1,1,9,113,0.07964601769911504
12209746,1,1,9,113,0.07964601769911504
12209746,1,1,9,113,0.07964601769911504
12209746,1,1,9,113,0.07964601769911504
12209746,1,1,9,113,0.07964601769911504
12209746,1,1,9,113,0.07964601769911504
12209746,1,1,9,113,0.07964601769911504
12209746,1,1,9,113,0.07964601769911504
12209747,1,1,5,74,0.06756756756756757
12209747,1,1,5,74,0.06756756756756757
12209747,1,1,5,74,0.06756756756756757
12209747,1,1,5,74,0.06756756756756757
12209747,1,1,5,74,0.06756756756756757
12209748,1,1,6,84,0.07142857142857142
12209748,1,1,6,84,0.07142857142857142
12209748,1,1,6,84,0.07142857142857142
12209748,1,1,6,84,0.07142857142857142
12209748,1,1,6,84,0.07142857142857142
12209748,1,1,6,84,0.07142857142857142
12209750,1,1,1,65,0.015384615384615385
12209751,1,1,8,102,0.0784313725490196
12209751,1,1,8,102,0.0784313725490196
12209751,1,1,8,102,0.0784313725490196
12209751,1,1,8,102,0.0784313725490196
12209751,1,1,8,102,0.0784313725490196
12209751,1,1,8,102,0.0784313725490196
12209751,1,1,8,102,0.0784313725490196
12209751,1,1,8,102,0.0784313725490196
12209764,1,1,1,90,0.011111111111111112
12209765,1,1,4,140,0.02857142857142857
12209765,1,1,4,140,0.02857142857142857
12209765,1,1,4,140,0.02857142857142857
12209765,1,1,4,140,0.02857142857142857
12209766,1,1,3,100,0.03
12209766,1,1,3,100,0.03
12209766,1,1,3,100,0.03
12209767,1,1,1,151,0.006622516556291391
12209768,1,1,8,138,0.057971014492753624
12209768,1,1,8,138,0.057971014492753624
12209768,1,1,8,138,0.057971014492753624
12209768,1,1,8,138,0.057971014492753624
12209768,1,1,8,138,0.057971014492753624
12209768,1,1,8,138,0.057971014492753624
12209768,1,1,8,138,0.057971014492753624
12209768,1,1,8,138,0.057971014492753624
12209769,1,1,7,142,0.04929577464788732
12209769,1,1,7,142,0.04929577464788732
12209769,1,1,7,142,0.04929577464788732
12209769,1,1,7,142,0.04929577464788732
12209769,1,1,7,142,0.04929577464788732
12209769,1,1,7,142,0.04929577464788732
12209769,1,1,7,142,0.04929577464788732
12209770,1,1,1,106,0.009433962264150943
12209772,1,1,2,78,0.02564102564102564
12209772,1,1,2,78,0.02564102564102564
12209774,1,1,2,73,0.0273972602739726
12209774,1,1,2,73,0.0273972602739726
12209928,1,1,1,82,0.012195121951219513
12209929,1,1,3,92,0.03260869565217391
12209929,1,1,3,92,0.03260869565217391
12209929,1,1,3,92,0.03260869565217391
12209931,1,1,3,149,0.020134228187919462
12209931,1,1,3,149,0.020134228187919462
12209931,1,1,3,149,0.020134228187919462
12209963,1,1,2,104,0.019230769230769232
12209963,1,1,2,104,0.019230769230769232
12209964,1,1,1,103,0.009708737864077669
12209968,1,1,1,52,0.019230769230769232
12209972,1,1,1,69,0.014492753623188406
12209973,1,1,4,104,0.038461538461538464
12209973,1,1,4,104,0.038461538461538464
12209973,1,1,4,104,0.038461538461538464
12209973,1,1,4,104,0.038461538461538464
12209974,1,1,2,66,0.030303030303030304
12209974,1,1,2,66,0.030303030303030304
12210001,1,1,3,115,0.02608695652173913
12210001,1,1,3,115,0.02608695652173913
12210001,1,1,3,115,0.02608695652173913
12210007,1,1,5,122,0.040983606557377046
12210007,1,1,5,122,0.040983606557377046
12210007,1,1,5,122,0.040983606557377046
12210007,1,1,5,122,0.040983606557377046
12210007,1,1,5,122,0.040983606557377046
12210071,1,1,2,92,0.021739130434782608
12210071,1,1,2,92,0.021739130434782608
12210101,1,1,5,149,0.03355704697986577
12210101,1,1,5,149,0.03355704697986577
12210101,1,1,5,149,0.03355704697986577
12210101,1,1,5,149,0.03355704697986577
12210101,1,1,5,149,0.03355704697986577
12210102,1,1,3,130,0.023076923076923078
12210102,1,1,3,130,0.023076923076923078
12210102,1,1,3,130,0.023076923076923078
12210103,1,1,1,143,0.006993006993006993
12210105,1,1,13,106,0.12264150943396226
12210105,1,1,13,106,0.12264150943396226
12210105,1,1,13,106,0.12264150943396226
12210105,1,1,13,106,0.12264150943396226
12210105,1,1,13,106,0.12264150943396226
12210105,1,1,13,106,0.12264150943396226
12210105,1,1,13,106,0.12264150943396226
12210105,1,1,13,106,0.12264150943396226
12210105,1,1,13,106,0.12264150943396226
12210105,1,1,13,106,0.12264150943396226
12210105,1,1,13,106,0.12264150943396226
12210105,1,1,13,106,0.12264150943396226
12210105,1,1,13,106,0.12264150943396226
12210106,1,1,11,185,0.05945945945945946
12210106,1,1,11,185,0.05945945945945946
12210106,1,1,11,185,0.05945945945945946
12210106,1,1,11,185,0.05945945945945946
12210106,1,1,11,185,0.05945945945945946
12210106,1,1,11,185,0.05945945945945946
12210106,1,1,11,185,0.05945945945945946
12210106,1,1,11,185,0.05945945945945946
12210106,1,1,11,185,0.05945945945945946
12210106,1,1,11,185,0.05945945945945946
12210106,1,1,11,185,0.05945945945945946
12210109,1,1,4,96,0.041666666666666664
12210109,1,1,4,96,0.041666666666666664
12210109,1,1,4,96,0.041666666666666664
12210109,1,1,4,96,0.041666666666666664
12210111,1,1,10,85,0.11764705882352941
12210111,1,1,10,85,0.11764705882352941
12210111,1,1,10,85,0.11764705882352941
12210111,1,1,10,85,0.11764705882352941
12210111,1,1,10,85,0.11764705882352941
12210111,1,1,10,85,0.11764705882352941
12210111,1,1,10,85,0.11764705882352941
12210111,1,1,10,85,0.11764705882352941
12210111,1,1,10,85,0.11764705882352941
12210111,1,1,10,85,0.11764705882352941
12210112,1,1,11,136,0.08088235294117647
12210112,1,1,11,136,0.08088235294117647
12210112,1,1,11,136,0.08088235294117647
12210112,1,1,11,136,0.08088235294117647
12210112,1,1,11,136,0.08088235294117647
12210112,1,1,11,136,0.08088235294117647
12210112,1,1,11,136,0.08088235294117647
12210112,1,1,11,136,0.08088235294117647
12210112,1,1,11,136,0.08088235294117647
12210112,1,1,11,136,0.08088235294117647
12210112,1,1,11,136,0.08088235294117647
12210160,1,1,4,98,0.04081632653061224
12210160,1,1,4,98,0.04081632653061224
12210160,1,1,4,98,0.04081632653061224
12210160,1,1,4,98,0.04081632653061224
12210161,1,1,2,97,0.020618556701030927
12210161,1,1,2,97,0.020618556701030927
12210276,1,1,1,84,0.011904761904761904
12210277,1,1,2,141,0.014184397163120567
12210277,1,1,2,141,0.014184397163120567
12210279,1,1,1,107,0.009345794392523364
12210280,1,1,2,78,0.02564102564102564
12210280,1,1,2,78,0.02564102564102564
12210301,1,1,1,104,0.009615384615384616
12210337,1,1,2,131,0.015267175572519083
12210337,1,1,2,131,0.015267175572519083
12210389,1,1,3,141,0.02127659574468085
12210389,1,1,3,141,0.02127659574468085
12210389,1,1,3,141,0.02127659574468085
12210390,1,1,3,87,0.034482758620689655
12210390,1,1,3,87,0.034482758620689655
12210390,1,1,3,87,0.034482758620689655
12210391,1,1,1,78,0.01282051282051282
12210392,1,1,4,178,0.02247191011235955
12210392,1,1,4,178,0.02247191011235955
12210392,1,1,4,178,0.02247191011235955
12210392,1,1,4,178,0.02247191011235955
12210393,1,1,4,114,0.03508771929824561
12210393,1,1,4,114,0.03508771929824561
12210393,1,1,4,114,0.03508771929824561
12210393,1,1,4,114,0.03508771929824561
12210395,1,1,1,69,0.014492753623188406
12210401,1,1,1,84,0.011904761904761904
12210403,1,1,1,106,0.009433962264150943
12210404,1,1,2,76,0.02631578947368421
12210404,1,1,2,76,0.02631578947368421
12210405,1,1,1,123,0.008130081300813009
12210412,1,1,3,28,0.10714285714285714
12210412,1,1,3,28,0.10714285714285714
12210412,1,1,3,28,0.10714285714285714
12210414,1,1,2,108,0.018518518518518517
12210414,1,1,2,108,0.018518518518518517
12210415,1,1,3,145,0.020689655172413793
12210415,1,1,3,145,0.020689655172413793
12210415,1,1,3,145,0.020689655172413793
12210416,1,1,4,110,0.03636363636363636
12210416,1,1,4,110,0.03636363636363636
12210416,1,1,4,110,0.03636363636363636
12210416,1,1,4,110,0.03636363636363636
12210417,1,1,10,78,0.1282051282051282
12210417,1,1,10,78,0.1282051282051282
12210417,1,1,10,78,0.1282051282051282
12210417,1,1,10,78,0.1282051282051282
12210417,1,1,10,78,0.1282051282051282
12210417,1,1,10,78,0.1282051282051282
12210417,1,1,10,78,0.1282051282051282
12210417,1,1,10,78,0.1282051282051282
12210417,1,1,10,78,0.1282051282051282
12210417,1,1,10,78,0.1282051282051282
12210419,1,1,1,18,0.05555555555555555
12210420,1,1,7,173,0.04046242774566474
12210420,1,1,7,173,0.04046242774566474
12210420,1,1,7,173,0.04046242774566474
12210420,1,1,7,173,0.04046242774566474
12210420,1,1,7,173,0.04046242774566474
12210420,1,1,7,173,0.04046242774566474
12210420,1,1,7,173,0.04046242774566474
12210421,1,1,1,117,0.008547008547008548
12210422,1,1,1,93,0.010752688172043012
12210423,1,1,3,58,0.05172413793103448
12210423,1,1,3,58,0.05172413793103448
12210423,1,1,3,58,0.05172413793103448
12210424,1,1,3,94,0.031914893617021274
12210424,1,1,3,94,0.031914893617021274
12210424,1,1,3,94,0.031914893617021274
12210425,1,1,1,64,0.015625
12210427,1,1,4,74,0.05405405405405406
12210427,1,1,4,74,0.05405405405405406
12210427,1,1,4,74,0.05405405405405406
12210427,1,1,4,74,0.05405405405405406
12210428,1,1,2,87,0.022988505747126436
12210428,1,1,2,87,0.022988505747126436
12210430,1,1,3,204,0.014705882352941176
12210430,1,1,3,204,0.014705882352941176
12210430,1,1,3,204,0.014705882352941176
12210860,1,1,3,150,0.02
12210860,1,1,3,150,0.02
12210860,1,1,3,150,0.02
12210879,1,1,3,92,0.03260869565217391
12210879,1,1,3,92,0.03260869565217391
12210879,1,1,3,92,0.03260869565217391
12210880,1,1,4,135,0.02962962962962963
12210880,1,1,4,135,0.02962962962962963
12210880,1,1,4,135,0.02962962962962963
12210880,1,1,4,135,0.02962962962962963
12210881,1,1,6,83,0.07228915662650602
12210881,1,1,6,83,0.07228915662650602
12210881,1,1,6,83,0.07228915662650602
12210881,1,1,6,83,0.07228915662650602
12210881,1,1,6,83,0.07228915662650602
12210881,1,1,6,83,0.07228915662650602
12210882,1,1,18,139,0.12949640287769784
12210882,1,1,18,139,0.12949640287769784
12210882,1,1,18,139,0.12949640287769784
12210882,1,1,18,139,0.12949640287769784
12210882,1,1,18,139,0.12949640287769784
12210882,1,1,18,139,0.12949640287769784
12210882,1,1,18,139,0.12949640287769784
12210882,1,1,18,139,0.12949640287769784
12210882,1,1,18,139,0.12949640287769784
12210882,1,1,18,139,0.12949640287769784
12210882,1,1,18,139,0.12949640287769784
12210882,1,1,18,139,0.12949640287769784
12210882,1,1,18,139,0.12949640287769784
12210882,1,1,18,139,0.12949640287769784
12210882,1,1,18,139,0.12949640287769784
12210882,1,1,18,139,0.12949640287769784
12210882,1,1,18,139,0.12949640287769784
12210882,1,1,18,139,0.12949640287769784
12210883,1,1,21,209,0.10047846889952153
12210883,1,1,21,209,0.10047846889952153
12210883,1,1,21,209,0.10047846889952153
12210883,1,1,21,209,0.10047846889952153
12210883,1,1,21,209,0.10047846889952153
12210883,1,1,21,209,0.10047846889952153
12210883,1,1,21,209,0.10047846889952153
12210883,1,1,21,209,0.10047846889952153
12210883,1,1,21,209,0.10047846889952153
12210883,1,1,21,209,0.10047846889952153
12210883,1,1,21,209,0.10047846889952153
12210883,1,1,21,209,0.10047846889952153
12210883,1,1,21,209,0.10047846889952153
12210883,1,1,21,209,0.10047846889952153
12210883,1,1,21,209,0.10047846889952153
12210883,1,1,21,209,0.10047846889952153
12210883,1,1,21,209,0.10047846889952153
12210883,1,1,21,209,0.10047846889952153
12210883,1,1,21,209,0.10047846889952153
12210883,1,1,21,209,0.10047846889952153
12210883,1,1,21,209,0.10047846889952153
12210884,1,1,4,54,0.07407407407407407
12210884,1,1,4,54,0.07407407407407407
12210884,1,1,4,54,0.07407407407407407
12210884,1,1,4,54,0.07407407407407407
12210885,1,1,6,98,0.061224489795918366
12210885,1,1,6,98,0.061224489795918366
12210885,1,1,6,98,0.061224489795918366
12210885,1,1,6,98,0.061224489795918366
12210885,1,1,6,98,0.061224489795918366
12210885,1,1,6,98,0.061224489795918366
12210886,1,1,7,99,0.0707070707070707
12210886,1,1,7,99,0.0707070707070707
12210886,1,1,7,99,0.0707070707070707
12210886,1,1,7,99,0.0707070707070707
12210886,1,1,7,99,0.0707070707070707
12210886,1,1,7,99,0.0707070707070707
12210886,1,1,7,99,0.0707070707070707
12210888,1,1,4,84,0.047619047619047616
12210888,1,1,4,84,0.047619047619047616
12210888,1,1,4,84,0.047619047619047616
12210888,1,1,4,84,0.047619047619047616
12210889,1,1,7,75,0.09333333333333334
12210889,1,1,7,75,0.09333333333333334
12210889,1,1,7,75,0.09333333333333334
12210889,1,1,7,75,0.09333333333333334
12210889,1,1,7,75,0.09333333333333334
12210889,1,1,7,75,0.09333333333333334
12210889,1,1,7,75,0.09333333333333334
12210890,1,1,16,173,0.09248554913294797
12210890,1,1,16,173,0.09248554913294797
12210890,1,1,16,173,0.09248554913294797
12210890,1,1,16,173,0.09248554913294797
12210890,1,1,16,173,0.09248554913294797
12210890,1,1,16,173,0.09248554913294797
12210890,1,1,16,173,0.09248554913294797
12210890,1,1,16,173,0.09248554913294797
12210890,1,1,16,173,0.09248554913294797
12210890,1,1,16,173,0.09248554913294797
12210890,1,1,16,173,0.09248554913294797
12210890,1,1,16,173,0.09248554913294797
12210890,1,1,16,173,0.09248554913294797
12210890,1,1,16,173,0.09248554913294797
12210890,1,1,16,173,0.09248554913294797
12210890,1,1,16,173,0.09248554913294797
12210911,1,1,5,116,0.04310344827586207
12210911,1,1,5,116,0.04310344827586207
12210911,1,1,5,116,0.04310344827586207
12210911,1,1,5,116,0.04310344827586207
12210911,1,1,5,116,0.04310344827586207
12211321,1,1,3,137,0.021897810218978103
12211321,1,1,3,137,0.021897810218978103
12211321,1,1,3,137,0.021897810218978103
12211322,1,1,3,144,0.020833333333333332
12211322,1,1,3,144,0.020833333333333332
12211322,1,1,3,144,0.020833333333333332
12211323,1,1,5,88,0.056818181818181816
12211323,1,1,5,88,0.056818181818181816
12211323,1,1,5,88,0.056818181818181816
12211323,1,1,5,88,0.056818181818181816
12211323,1,1,5,88,0.056818181818181816
12211324,1,1,1,148,0.006756756756756757
12211325,1,1,9,65,0.13846153846153847
12211325,1,1,9,65,0.13846153846153847
12211325,1,1,9,65,0.13846153846153847
12211325,1,1,9,65,0.13846153846153847
12211325,1,1,9,65,0.13846153846153847
12211325,1,1,9,65,0.13846153846153847
12211325,1,1,9,65,0.13846153846153847
12211325,1,1,9,65,0.13846153846153847
12211325,1,1,9,65,0.13846153846153847
12211326,1,1,1,105,0.009523809523809525
12211327,1,1,5,108,0.046296296296296294
12211327,1,1,5,108,0.046296296296296294
12211327,1,1,5,108,0.046296296296296294
12211327,1,1,5,108,0.046296296296296294
12211327,1,1,5,108,0.046296296296296294
12211328,1,1,4,105,0.0380952380952381
12211328,1,1,4,105,0.0380952380952381
12211328,1,1,4,105,0.0380952380952381
12211328,1,1,4,105,0.0380952380952381
12211329,1,1,2,137,0.014598540145985401
12211329,1,1,2,137,0.014598540145985401
12211330,1,1,1,167,0.005988023952095809
12211331,1,1,7,121,0.05785123966942149
12211331,1,1,7,121,0.05785123966942149
12211331,1,1,7,121,0.05785123966942149
12211331,1,1,7,121,0.05785123966942149
12211331,1,1,7,121,0.05785123966942149
12211331,1,1,7,121,0.05785123966942149
12211331,1,1,7,121,0.05785123966942149
12211332,1,1,1,49,0.02040816326530612
12211333,1,1,6,139,0.04316546762589928
12211333,1,1,6,139,0.04316546762589928
12211333,1,1,6,139,0.04316546762589928
12211333,1,1,6,139,0.04316546762589928
12211333,1,1,6,139,0.04316546762589928
12211333,1,1,6,139,0.04316546762589928
12211334,1,1,7,136,0.051470588235294115
12211334,1,1,7,136,0.051470588235294115
12211334,1,1,7,136,0.051470588235294115
12211334,1,1,7,136,0.051470588235294115
12211334,1,1,7,136,0.051470588235294115
12211334,1,1,7,136,0.051470588235294115
12211334,1,1,7,136,0.051470588235294115
12211335,1,1,2,106,0.018867924528301886
12211335,1,1,2,106,0.018867924528301886
12211394,1,1,4,171,0.023391812865497075
12211394,1,1,4,171,0.023391812865497075
12211394,1,1,4,171,0.023391812865497075
12211394,1,1,4,171,0.023391812865497075
12211395,1,1,2,115,0.017391304347826087
12211395,1,1,2,115,0.017391304347826087
12211396,1,1,1,85,0.011764705882352941
12211397,1,1,1,112,0.008928571428571428
12211400,1,1,1,82,0.012195121951219513
12211401,1,1,4,52,0.07692307692307693
12211401,1,1,4,52,0.07692307692307693
12211401,1,1,4,52,0.07692307692307693
12211401,1,1,4,52,0.07692307692307693
12211418,1,1,2,142,0.014084507042253521
12211418,1,1,2,142,0.014084507042253521
12211452,1,1,3,152,0.019736842105263157
12211452,1,1,3,152,0.019736842105263157
12211452,1,1,3,152,0.019736842105263157
12211527,1,1,1,71,0.014084507042253521
12211528,1,1,2,120,0.016666666666666666
12211528,1,1,2,120,0.016666666666666666
12211550,1,1,2,93,0.021505376344086023
12211550,1,1,2,93,0.021505376344086023
12211552,1,1,4,112,0.03571428571428571
12211552,1,1,4,112,0.03571428571428571
12211552,1,1,4,112,0.03571428571428571
12211552,1,1,4,112,0.03571428571428571
12211554,1,1,2,86,0.023255813953488372
12211554,1,1,2,86,0.023255813953488372
12211555,1,1,1,88,0.011363636363636364
12211557,1,1,2,98,0.02040816326530612
12211557,1,1,2,98,0.02040816326530612
12211561,1,1,2,94,0.02127659574468085
12211561,1,1,2,94,0.02127659574468085
12211562,1,1,2,109,0.01834862385321101
12211562,1,1,2,109,0.01834862385321101
12211563,1,1,2,90,0.022222222222222223
12211563,1,1,2,90,0.022222222222222223
12211565,1,1,3,83,0.03614457831325301
12211565,1,1,3,83,0.03614457831325301
12211565,1,1,3,83,0.03614457831325301
12211568,1,1,3,78,0.038461538461538464
12211568,1,1,3,78,0.038461538461538464
12211568,1,1,3,78,0.038461538461538464
12211569,1,1,2,110,0.01818181818181818
12211569,1,1,2,110,0.01818181818181818
12211570,1,1,1,94,0.010638297872340425
12211571,1,1,1,66,0.015151515151515152
12211572,1,1,2,118,0.01694915254237288
12211572,1,1,2,118,0.01694915254237288
12211573,1,1,3,87,0.034482758620689655
12211573,1,1,3,87,0.034482758620689655
12211573,1,1,3,87,0.034482758620689655
12211574,1,1,1,88,0.011363636363636364
12211578,1,1,2,96,0.020833333333333332
12211578,1,1,2,96,0.020833333333333332
12211579,1,1,1,108,0.009259259259259259
12211598,1,1,1,138,0.007246376811594203
12211599,1,1,2,70,0.02857142857142857
12211599,1,1,2,70,0.02857142857142857
12211600,1,1,1,90,0.011111111111111112
12211601,1,1,7,115,0.06086956521739131
12211601,1,1,7,115,0.06086956521739131
12211601,1,1,7,115,0.06086956521739131
12211601,1,1,7,115,0.06086956521739131
12211601,1,1,7,115,0.06086956521739131
12211601,1,1,7,115,0.06086956521739131
12211601,1,1,7,115,0.06086956521739131
12211604,1,1,6,146,0.0410958904109589
12211604,1,1,6,146,0.0410958904109589
12211604,1,1,6,146,0.0410958904109589
12211604,1,1,6,146,0.0410958904109589
12211604,1,1,6,146,0.0410958904109589
12211604,1,1,6,146,0.0410958904109589
12211663,1,1,3,122,0.02459016393442623
12211663,1,1,3,122,0.02459016393442623
12211663,1,1,3,122,0.02459016393442623
12211764,1,1,2,83,0.024096385542168676
12211764,1,1,2,83,0.024096385542168676
12211765,1,1,4,195,0.020512820512820513
12211765,1,1,4,195,0.020512820512820513
12211765,1,1,4,195,0.020512820512820513
12211765,1,1,4,195,0.020512820512820513
12211779,1,1,7,101,0.06930693069306931
12211779,1,1,7,101,0.06930693069306931
12211779,1,1,7,101,0.06930693069306931
12211779,1,1,7,101,0.06930693069306931
12211779,1,1,7,101,0.06930693069306931
12211779,1,1,7,101,0.06930693069306931
12211779,1,1,7,101,0.06930693069306931
12211780,1,1,7,119,0.058823529411764705
12211780,1,1,7,119,0.058823529411764705
12211780,1,1,7,119,0.058823529411764705
12211780,1,1,7,119,0.058823529411764705
12211780,1,1,7,119,0.058823529411764705
12211780,1,1,7,119,0.058823529411764705
12211780,1,1,7,119,0.058823529411764705
12211781,1,1,2,109,0.01834862385321101
12211781,1,1,2,109,0.01834862385321101
12211782,1,1,16,121,0.1322314049586777
12211782,1,1,16,121,0.1322314049586777
12211782,1,1,16,121,0.1322314049586777
12211782,1,1,16,121,0.1322314049586777
12211782,1,1,16,121,0.1322314049586777
12211782,1,1,16,121,0.1322314049586777
12211782,1,1,16,121,0.1322314049586777
12211782,1,1,16,121,0.1322314049586777
12211782,1,1,16,121,0.1322314049586777
12211782,1,1,16,121,0.1322314049586777
12211782,1,1,16,121,0.1322314049586777
12211782,1,1,16,121,0.1322314049586777
12211782,1,1,16,121,0.1322314049586777
12211782,1,1,16,121,0.1322314049586777
12211782,1,1,16,121,0.1322314049586777
12211782,1,1,16,121,0.1322314049586777
12211783,1,1,10,129,0.07751937984496124
12211783,1,1,10,129,0.07751937984496124
12211783,1,1,10,129,0.07751937984496124
12211783,1,1,10,129,0.07751937984496124
12211783,1,1,10,129,0.07751937984496124
12211783,1,1,10,129,0.07751937984496124
12211783,1,1,10,129,0.07751937984496124
12211783,1,1,10,129,0.07751937984496124
12211783,1,1,10,129,0.07751937984496124
12211783,1,1,10,129,0.07751937984496124
12211784,1,1,4,120,0.03333333333333333
12211784,1,1,4,120,0.03333333333333333
12211784,1,1,4,120,0.03333333333333333
12211784,1,1,4,120,0.03333333333333333
12211785,1,1,6,131,0.04580152671755725
12211785,1,1,6,131,0.04580152671755725
12211785,1,1,6,131,0.04580152671755725
12211785,1,1,6,131,0.04580152671755725
12211785,1,1,6,131,0.04580152671755725
12211785,1,1,6,131,0.04580152671755725
12211786,1,1,1,85,0.011764705882352941
12211787,1,1,9,96,0.09375
12211787,1,1,9,96,0.09375
12211787,1,1,9,96,0.09375
12211787,1,1,9,96,0.09375
12211787,1,1,9,96,0.09375
12211787,1,1,9,96,0.09375
12211787,1,1,9,96,0.09375
12211787,1,1,9,96,0.09375
12211787,1,1,9,96,0.09375
12211788,1,1,8,80,0.1
12211788,1,1,8,80,0.1
12211788,1,1,8,80,0.1
12211788,1,1,8,80,0.1
12211788,1,1,8,80,0.1
12211788,1,1,8,80,0.1
12211788,1,1,8,80,0.1
12211788,1,1,8,80,0.1
12211789,1,1,7,86,0.08139534883720931
12211789,1,1,7,86,0.08139534883720931
12211789,1,1,7,86,0.08139534883720931
12211789,1,1,7,86,0.08139534883720931
12211789,1,1,7,86,0.08139534883720931
12211789,1,1,7,86,0.08139534883720931
12211789,1,1,7,86,0.08139534883720931
12211790,1,1,14,93,0.15053763440860216
12211790,1,1,14,93,0.15053763440860216
12211790,1,1,14,93,0.15053763440860216
12211790,1,1,14,93,0.15053763440860216
12211790,1,1,14,93,0.15053763440860216
12211790,1,1,14,93,0.15053763440860216
12211790,1,1,14,93,0.15053763440860216
12211790,1,1,14,93,0.15053763440860216
12211790,1,1,14,93,0.15053763440860216
12211790,1,1,14,93,0.15053763440860216
12211790,1,1,14,93,0.15053763440860216
12211790,1,1,14,93,0.15053763440860216
12211790,1,1,14,93,0.15053763440860216
12211790,1,1,14,93,0.15053763440860216
12211791,1,1,7,105,0.06666666666666667
12211791,1,1,7,105,0.06666666666666667
12211791,1,1,7,105,0.06666666666666667
12211791,1,1,7,105,0.06666666666666667
12211791,1,1,7,105,0.06666666666666667
12211791,1,1,7,105,0.06666666666666667
12211791,1,1,7,105,0.06666666666666667
12211792,1,1,7,64,0.109375
12211792,1,1,7,64,0.109375
12211792,1,1,7,64,0.109375
12211792,1,1,7,64,0.109375
12211792,1,1,7,64,0.109375
12211792,1,1,7,64,0.109375
12211792,1,1,7,64,0.109375
12211793,1,1,13,104,0.125
12211793,1,1,13,104,0.125
12211793,1,1,13,104,0.125
12211793,1,1,13,104,0.125
12211793,1,1,13,104,0.125
12211793,1,1,13,104,0.125
12211793,1,1,13,104,0.125
12211793,1,1,13,104,0.125
12211793,1,1,13,104,0.125
12211793,1,1,13,104,0.125
12211793,1,1,13,104,0.125
12211793,1,1,13,104,0.125
12211793,1,1,13,104,0.125
12211902,1,1,2,126,0.015873015873015872
12211902,1,1,2,126,0.015873015873015872
12211903,1,1,3,133,0.022556390977443608
12211903,1,1,3,133,0.022556390977443608
12211903,1,1,3,133,0.022556390977443608
12211904,1,1,10,139,0.07194244604316546
12211904,1,1,10,139,0.07194244604316546
12211904,1,1,10,139,0.07194244604316546
12211904,1,1,10,139,0.07194244604316546
12211904,1,1,10,139,0.07194244604316546
12211904,1,1,10,139,0.07194244604316546
12211904,1,1,10,139,0.07194244604316546
12211904,1,1,10,139,0.07194244604316546
12211904,1,1,10,139,0.07194244604316546
12211904,1,1,10,139,0.07194244604316546
12211921,1,1,2,98,0.02040816326530612
12211921,1,1,2,98,0.02040816326530612
12211928,1,1,7,169,0.04142011834319527
12211928,1,1,7,169,0.04142011834319527
12211928,1,1,7,169,0.04142011834319527
12211928,1,1,7,169,0.04142011834319527
12211928,1,1,7,169,0.04142011834319527
12211928,1,1,7,169,0.04142011834319527
12211928,1,1,7,169,0.04142011834319527
12211931,1,1,3,80,0.0375
12211931,1,1,3,80,0.0375
12211931,1,1,3,80,0.0375
12211939,1,1,1,110,0.00909090909090909
12211940,1,1,3,87,0.034482758620689655
12211940,1,1,3,87,0.034482758620689655
12211940,1,1,3,87,0.034482758620689655
12211943,1,1,1,127,0.007874015748031496
12211950,1,1,1,97,0.010309278350515464
12211967,1,1,6,162,0.037037037037037035
12211967,1,1,6,162,0.037037037037037035
12211967,1,1,6,162,0.037037037037037035
12211967,1,1,6,162,0.037037037037037035
12211967,1,1,6,162,0.037037037037037035
12211967,1,1,6,162,0.037037037037037035
12211968,1,1,14,98,0.14285714285714285
12211968,1,1,14,98,0.14285714285714285
12211968,1,1,14,98,0.14285714285714285
12211968,1,1,14,98,0.14285714285714285
12211968,1,1,14,98,0.14285714285714285
12211968,1,1,14,98,0.14285714285714285
12211968,1,1,14,98,0.14285714285714285
12211968,1,1,14,98,0.14285714285714285
12211968,1,1,14,98,0.14285714285714285
12211968,1,1,14,98,0.14285714285714285
12211968,1,1,14,98,0.14285714285714285
12211968,1,1,14,98,0.14285714285714285
12211968,1,1,14,98,0.14285714285714285
12211968,1,1,14,98,0.14285714285714285
12211969,1,1,9,102,0.08823529411764706
12211969,1,1,9,102,0.08823529411764706
12211969,1,1,9,102,0.08823529411764706
12211969,1,1,9,102,0.08823529411764706
12211969,1,1,9,102,0.08823529411764706
12211969,1,1,9,102,0.08823529411764706
12211969,1,1,9,102,0.08823529411764706
12211969,1,1,9,102,0.08823529411764706
12211969,1,1,9,102,0.08823529411764706
12211970,1,1,5,83,0.060240963855421686
12211970,1,1,5,83,0.060240963855421686
12211970,1,1,5,83,0.060240963855421686
12211970,1,1,5,83,0.060240963855421686
12211970,1,1,5,83,0.060240963855421686
12211971,1,1,7,123,0.056910569105691054
12211971,1,1,7,123,0.056910569105691054
12211971,1,1,7,123,0.056910569105691054
12211971,1,1,7,123,0.056910569105691054
12211971,1,1,7,123,0.056910569105691054
12211971,1,1,7,123,0.056910569105691054
12211971,1,1,7,123,0.056910569105691054
12211972,1,1,2,102,0.0196078431372549
12211972,1,1,2,102,0.0196078431372549
12212009,1,1,10,115,0.08695652173913043
12212009,1,1,10,115,0.08695652173913043
12212009,1,1,10,115,0.08695652173913043
12212009,1,1,10,115,0.08695652173913043
12212009,1,1,10,115,0.08695652173913043
12212009,1,1,10,115,0.08695652173913043
12212009,1,1,10,115,0.08695652173913043
12212009,1,1,10,115,0.08695652173913043
12212009,1,1,10,115,0.08695652173913043
12212009,1,1,10,115,0.08695652173913043
12212011,1,1,15,171,0.08771929824561403
12212011,1,1,15,171,0.08771929824561403
12212011,1,1,15,171,0.08771929824561403
12212011,1,1,15,171,0.08771929824561403
12212011,1,1,15,171,0.08771929824561403
12212011,1,1,15,171,0.08771929824561403
12212011,1,1,15,171,0.08771929824561403
12212011,1,1,15,171,0.08771929824561403
12212011,1,1,15,171,0.08771929824561403
12212011,1,1,15,171,0.08771929824561403
12212011,1,1,15,171,0.08771929824561403
12212011,1,1,15,171,0.08771929824561403
12212011,1,1,15,171,0.08771929824561403
12212011,1,1,15,171,0.08771929824561403
12212011,1,1,15,171,0.08771929824561403
12212023,1,1,1,168,0.005952380952380952
12212034,1,1,7,137,0.051094890510948905
12212034,1,1,7,137,0.051094890510948905
12212034,1,1,7,137,0.051094890510948905
12212034,1,1,7,137,0.051094890510948905
12212034,1,1,7,137,0.051094890510948905
12212034,1,1,7,137,0.051094890510948905
12212034,1,1,7,137,0.051094890510948905
12212068,1,1,14,174,0.08045977011494253
12212068,1,1,14,174,0.08045977011494253
12212068,1,1,14,174,0.08045977011494253
12212068,1,1,14,174,0.08045977011494253
12212068,1,1,14,174,0.08045977011494253
12212068,1,1,14,174,0.08045977011494253
12212068,1,1,14,174,0.08045977011494253
12212068,1,1,14,174,0.08045977011494253
12212068,1,1,14,174,0.08045977011494253
12212068,1,1,14,174,0.08045977011494253
12212068,1,1,14,174,0.08045977011494253
12212068,1,1,14,174,0.08045977011494253
12212068,1,1,14,174,0.08045977011494253
12212068,1,1,14,174,0.08045977011494253
12212076,1,1,1,152,0.006578947368421052
12212077,1,1,3,120,0.025
12212077,1,1,3,120,0.025
12212077,1,1,3,120,0.025
12212078,1,1,2,90,0.022222222222222223
12212078,1,1,2,90,0.022222222222222223
12212080,1,1,2,106,0.018867924528301886
12212080,1,1,2,106,0.018867924528301886
12212087,1,1,1,93,0.010752688172043012
12212107,1,1,3,68,0.04411764705882353
12212107,1,1,3,68,0.04411764705882353
12212107,1,1,3,68,0.04411764705882353
12212127,1,1,2,115,0.017391304347826087
12212127,1,1,2,115,0.017391304347826087
12213156,1,1,1,145,0.006896551724137931
12213206,1,1,4,84,0.047619047619047616
12213206,1,1,4,84,0.047619047619047616
12213206,1,1,4,84,0.047619047619047616
12213206,1,1,4,84,0.047619047619047616
12213412,1,1,1,83,0.012048192771084338
12213458,1,1,1,123,0.008130081300813009
12213459,1,1,2,100,0.02
12213459,1,1,2,100,0.02
12213460,1,1,5,99,0.050505050505050504
12213460,1,1,5,99,0.050505050505050504
12213460,1,1,5,99,0.050505050505050504
12213460,1,1,5,99,0.050505050505050504
12213460,1,1,5,99,0.050505050505050504
12213484,1,1,1,104,0.009615384615384616
12213486,1,1,1,100,0.01
12213803,1,1,1,114,0.008771929824561403
